UGS,area,tree,grassland,water,herbaceous_wetland,mangroves,mean_ndvi,mean_ndwi,Pavilion_Picnic_Area,Kids_Playground,Body_of_water,Jog_Walk_path,Athletic_facility,Nature_Preserve,Dog_Park,Indoor_Outdoor_fitness_center,Biodiversity,y,LM_yfitOOB,LM_ResOOB,LM_yfitPred,LM_ResPred,LM_MSE,LM_Rsq100,LPerm,Local primary factor
Broward_Anne Kolb Nature Center,0.00146555,0.001091372,0.001616059,0.001302173,0.002522346,0.000730358,0.002134632,0.001003,0.003264457,8.43E-05,4.70E-05,0.001694271,3.13E-06,0.000116711,0,1.69E-05,0.001665723,0.030927835,0.030193437,0.000734398,0.029364137,0.001563698,0.00202955,-0.490137594,1,Pavilion_Picnic_Area
Broward_Boulevard Gardens Community Center,0,0,0,0,0,0,0,0,0,0,0,0,0,0,0,0,0,0,0,0,0,0,1.79E-05,0,1,area
Broward_Brian Piccolo Sports Park & Velodrome,1.23E-05,9.41E-06,8.10E-06,6.47E-06,8.50E-06,0,8.08E-07,5.73E-07,2.10E-07,2.63E-09,4.58E-06,1.58E-08,2.63E-09,0,0,4.04E-06,9.92E-07,0.005617978,0,0.005617978,0.005006087,0.000611891,2.49E-06,-0.18273955,1,area
Broward_CB Smith Park,7.84E-07,8.61E-07,8.92E-07,7.36E-07,8.07E-07,0,6.51E-07,0,1.98E-08,1.42E-08,3.50E-07,4.24E-08,0,0,0,3.45E-07,2.58E-07,0.001461988,0,0.001461988,0.001421661,4.03E-05,1.60E-07,-0.121731541,1,grassland
Broward_Central Broward Regional Park,0,0,0,0,0,0,0,0,0,0,0,0,0,0,0,0,0,0,0,0,0,0,0,NA,1,
Broward_Crystal Lake Sand Pine Scrub,0.00136151,0.001240209,0.00022957,0,0.000139418,0,0.000514159,0.000573942,4.22E-05,9.12E-05,0,0.00037459,8.28E-06,8.95E-05,0,0,0.000420594,0.034482759,0.043478261,-0.008995502,0.034958789,-0.00047603,0.000132569,0.305979761,3,area
Broward_Deerfield Highlands Nature Preserve,0.001321772,0.001022174,0.000417691,0,4.12E-05,0,0.000256282,0.000245732,1.89E-05,0.00018338,0,7.64E-05,2.48E-05,6.35E-05,0,9.94E-06,0.000656244,0,0.016581709,-0.016581709,0.000526612,-0.000526612,0.000251327,-0.315739186,1,area
Broward_Deerfield Island Park,2.22E-05,1.54E-05,1.77E-06,3.64E-05,1.43E-05,0,2.64E-05,1.94E-05,0,4.15E-06,9.70E-07,2.21E-07,3.93E-07,0,0,0,2.33E-05,0.009174312,0,0.009174312,0.008614679,0.000559633,6.15E-06,-0.095385855,1,water
Broward_Easterlin Park,7.50E-06,9.75E-06,7.91E-07,9.18E-06,8.45E-06,0,2.41E-05,1.17E-05,9.91E-08,3.13E-07,1.95E-06,2.02E-07,1.74E-06,0,0,0,2.06E-05,0.008064516,0,0.008064516,0.006180107,0.001884409,6.74E-06,-0.553834008,1,mean_ndvi
Broward_Everglades Holiday Park,0.000127634,0.000112208,0.000123026,2.55E-05,8.95E-05,0,0.000130898,8.00E-05,1.66E-05,8.27E-05,4.07E-05,7.95E-05,0.000115827,2.30E-06,6.35E-05,0,0.000132178,0.011620668,0.01681736,-0.005196692,0.011820902,-0.000200234,0.000118909,-0.798953011,1,Biodiversity
Broward_Fern Forest Nature Center,0.000546801,0.000345346,0.002682862,0,4.50E-05,0,0.000824845,0.001232019,3.07E-06,0.000216045,0.001014548,6.30E-05,0.000276512,9.09E-05,0,3.67E-05,0.00026256,0.0096,0.046296296,-0.036696296,0.016261674,-0.006661674,0.00107678,-0.314701063,1,grassland
Broward_Franklin Park,1.58E-05,3.08E-05,6.42E-05,1.38E-08,3.82E-06,0,2.61E-05,1.14E-05,5.51E-08,6.40E-09,7.53E-08,4.80E-08,8.96E-08,0,0,7.87E-06,2.05E-05,0,0.003725783,-0.003725783,0.000923692,-0.000923692,2.73E-05,-0.522422212,1,grassland
Broward_Helene Klein Pineland Preserve,0.000142072,0.000143374,0.000122972,1.67E-06,3.50E-05,0,8.16E-05,8.25E-05,1.74E-05,6.18E-06,8.92E-06,1.51E-06,3.01E-05,8.94E-06,1.28E-06,3.18E-05,0.000235937,0.027777778,0,0.027777778,0.017314809,0.010462969,9.70E-05,-0.812146246,1,Biodiversity
Broward_Herman and Dorothy Shooster Nature Preserve,2.11E-05,1.22E-05,1.07E-07,2.49E-06,3.60E-06,0,1.28E-05,1.48E-05,0,3.07E-07,8.44E-07,1.92E-06,1.35E-07,2.95E-06,0,0,8.21E-06,0,0.001975127,-0.001975127,0.000435125,-0.000435125,8.80E-06,-0.001175356,1,area
Broward_Highlands Scrub Natural Area,0.001046131,0.001021169,0.000401227,0,7.08E-06,0,0.000138538,0.000159649,1.58E-05,0.000354218,0,0.000103469,5.08E-05,0.000127194,0,0,0.000620893,0.043478261,0.025862069,0.017616192,0.038325623,0.005152638,0.000162851,0.147451097,1,area
Broward_Hollywood North Beach Park,0.001204759,0.000904525,0.001461431,0.001606668,0.00175576,0.000245306,0.000545796,0.00124086,0.002579369,0.000101023,3.26E-06,0.000738288,2.91E-05,0.000101914,0,3.84E-06,0.001223895,0.003076923,0.032491041,-0.029414118,0.009636201,-0.006559278,0.001742378,-0.279289812,1,Pavilion_Picnic_Area
Broward_Kristin Jacobs Natural Area at Hillsboro Pineland,5.38E-05,5.58E-05,9.45E-05,0,1.31E-05,0,5.64E-05,0.000152291,5.08E-05,5.07E-07,2.20E-07,5.14E-06,1.13E-06,4.90E-06,0,6.43E-07,0.000151731,0,0.00902381,-0.00902381,0.00398578,-0.00398578,7.76E-05,-0.449061224,1,mean_ndwi
Broward_Lafayette Hart Park,9.65E-06,4.03E-06,1.45E-05,8.96E-08,6.80E-07,0,1.78E-06,3.35E-06,0,1.38E-08,2.24E-08,0,6.40E-09,0,0,9.08E-07,5.53E-06,0,0,0,0,0,1.87E-05,-0.046509708,1,grassland
Broward_Long Key Natural Area and Nature Center,6.71E-06,1.21E-05,7.98E-06,4.30E-07,5.55E-06,0,1.29E-05,9.41E-07,1.09E-09,1.03E-07,1.38E-06,2.89E-07,4.58E-07,1.50E-06,2.95E-07,3.51E-07,1.16E-05,0.004385965,0.005031904,-0.000645938,0.004582026,-0.000196061,9.67E-07,0.729847837,1,mean_ndvi
Broward_Markham Park,6.19E-06,4.51E-06,4.62E-06,6.20E-06,6.45E-06,0,3.90E-07,2.67E-06,6.71E-08,0,7.89E-08,0,1.30E-07,0,1.33E-06,1.69E-07,5.43E-06,0.003942181,0,0.003942181,0.003806675,0.000135506,3.24E-06,-0.123041959,1,herbaceous_wetland
Broward_Military Trail Nature Area,0.000814546,0.000680706,0.00029066,0,1.09E-05,0,0.000110756,0.00014427,6.96E-05,7.59E-05,0,5.02E-05,1.70E-06,4.56E-05,2.58E-06,7.44E-06,0.000134673,0,0.0257996,-0.0257996,0.001415792,-0.001415792,0.000214843,-0.122922202,1,area
Broward_Miramar Pineland Natural Area,9.23E-06,1.04E-05,1.02E-05,7.07E-06,9.80E-06,0,1.56E-06,3.27E-06,3.00E-07,0,4.05E-06,2.56E-08,1.09E-06,0,0,0,3.32E-07,0.005847953,0,0.005847953,0.004993665,0.000854288,2.40E-06,-0.052116047,1,tree
Broward_Pine Island Ridge Natural Area,9.44E-05,8.86E-05,5.05E-05,1.61E-06,1.84E-05,0,0.000121617,6.05E-05,0,6.06E-06,3.18E-06,9.19E-06,0.000111152,4.01E-06,0,1.70E-05,8.93E-05,0,0.001946701,-0.001946701,0.000426984,-0.000426984,0.000107848,-0.227145223,1,mean_ndvi
Broward_Plantation Heritage Park,0.003047619,0.001676871,0.002553936,0.003836735,0.00352964,0,0.000454082,0.000230807,0.000317784,0,0,1.02E-05,0.000116132,0,0,0.000477891,0.00370068,0,0.020408163,-0.020408163,0.008988095,-0.008988095,0.001409076,-0.035670504,1,water
Broward_Quiet Waters Park,4.27E-05,7.54E-05,3.24E-05,8.08E-06,1.68E-05,0,6.06E-05,6.00E-05,0,2.34E-05,4.94E-06,1.87E-06,7.07E-06,1.73E-05,1.16E-06,4.56E-06,3.52E-05,0.007915567,0.001134421,0.006781146,0.007729224,0.000186343,6.77E-05,-0.158405713,1,tree
Broward_Reverend Samuel Delevoe Memorial Park,2.02E-05,1.94E-05,5.57E-05,1.99E-06,3.77E-06,0,1.79E-05,5.87E-06,0,1.02E-07,4.41E-06,9.23E-08,7.84E-08,0,0,1.43E-06,9.64E-06,0,0.004178721,-0.004178721,0.002103825,-0.002103825,1.97E-05,-0.100760964,1,grassland
Broward_Roosevelt Gardens Park,2.91E-06,4.02E-06,1.07E-05,0,0,0,3.54E-06,1.06E-06,0,3.26E-08,0,0,0,0,0,7.23E-07,1.62E-06,0,0,0,0,0,1.85E-05,-0.032500873,1,grassland
Broward_Saw Palmetto Natural Area,0.000163318,0.000162125,0.000156018,0,2.38E-05,0,5.63E-05,0.000115291,4.62E-05,1.31E-06,1.29E-06,0,3.07E-05,2.88E-05,0,2.70E-06,0.000176168,0,0.013036062,-0.013036062,0.001675926,-0.001675926,0.000100302,-0.873983059,1,Biodiversity
Broward_Secret Woods Park,5.67E-05,4.80E-05,0,0.000212618,0.000193315,0,3.76E-05,9.14E-05,1.67E-05,3.01E-05,8.72E-06,1.61E-05,0,3.28E-05,0,0,3.94E-05,0.013445378,0.008974359,0.004471019,0.014600794,-0.001155416,5.13E-05,0.02544701,1,water
Broward_Sewell Lock,0.000938776,0.000227891,0.000938776,0.000897959,0.000857143,0,0,4.59E-05,0,0,0,0,0,0,0,1.36E-05,0.000571429,0,0,0,0,0,0.001365271,-0.003474294,1,area
Broward_Snake Warriors Island,4.40E-05,4.42E-05,1.80E-05,3.77E-05,4.56E-05,0,8.32E-06,6.17E-06,0,0,3.95E-05,0,0,4.96E-05,0,0,0,0.013245033,0,0.013245033,0.011408388,0.001836645,1.19E-05,-0.020508509,1,Nature_Preserve
Broward_South Fork Canoe Launch,0,0,0,0,0,0,0,0,0,0,0,0,0,0,0,0,0,0,0,0,0,0,0,NA,1,
Broward_Sunview Park,0,0,0,0,0,0,0,0,0,0,0,0,0,0,0,0,0,0,0,0,0,0,0,NA,1,
Broward_Tall Cypress Natural Area,1.04E-05,1.55E-05,3.13E-05,0,1.15E-05,0,3.42E-06,1.40E-05,1.23E-07,8.98E-06,0,8.82E-07,1.01E-05,6.83E-06,1.70E-08,6.17E-07,2.22E-05,0.006060606,0,0.006060606,0.005822222,0.000238384,0.000155468,-0.030466224,1,grassland
Broward_Topeekeegee Yugnee Park,7.45E-05,6.94E-05,3.70E-05,5.07E-07,4.72E-05,0,0.00020981,5.95E-05,3.34E-06,8.52E-06,2.02E-05,0,8.32E-06,0,0,5.09E-06,9.77E-05,0.001197605,0,0.001197605,0.001144756,5.28E-05,0.000159915,-0.16455984,1,mean_ndvi
Broward_Tradewinds Park,0.001519648,0.000704402,0.001026498,2.58E-05,0.000116643,0,0.001343942,0.000756223,0,0,0.000508884,0,1.72E-05,2.00E-05,0,7.29E-06,0.000472809,0.01,0.023662551,-0.013662551,0.011773214,-0.001773214,0.001352624,-0.37747213,1,area
Broward_Tree Tops Park,8.34E-05,0.000139201,6.90E-05,2.41E-05,6.61E-05,0,0.000131433,7.62E-05,5.61E-06,2.56E-07,1.94E-06,9.25E-06,7.40E-05,1.05E-07,0,9.53E-06,0.000103404,0.009708738,0.005190951,0.004517787,0.009799099,-9.04E-05,0.000114034,-0.297525706,1,tree
Broward_Vista View Park,2.99E-06,5.38E-06,2.63E-06,7.71E-07,2.35E-06,0,4.95E-06,8.28E-07,0,1.32E-06,5.52E-07,1.70E-09,1.05E-06,7.94E-06,9.21E-08,5.84E-07,5.78E-06,0.001642036,0,0.001642036,0.001675201,-3.32E-05,2.05E-06,0.426896544,2,Nature_Preserve
Broward_Washburn Park,0,0,0,0,0,0,0,0,0,0,0,0,0,0,0,0,0,0,0,0,0,0,0.001360544,0,1,area
Broward_West Lake Park,0.000174235,0.000178748,0.000279177,0.000148462,2.81E-05,0.000189614,0.000166725,0.000164494,1.41E-08,5.69E-06,4.32E-05,4.68E-06,5.89E-06,9.89E-05,0,3.06E-05,0.000197659,0.003710575,0.018656509,-0.014945934,0.006981916,-0.003271341,0.001497143,-0.056323369,1,grassland
Broward_Woodmont Natural Area,9.04E-06,1.06E-05,3.55E-06,4.30E-06,9.78E-06,0,2.12E-06,2.27E-06,1.28E-08,6.52E-08,0,3.25E-07,4.22E-07,0,0,1.09E-08,1.36E-06,0,0,0,2.29E-05,-2.29E-05,2.70E-05,0.093642823,1,tree
Coconut Creek_Community Center and Fitness Center South,0.005196731,0.00121374,0.005310217,4.58E-07,0.000169462,0,0.00141471,0.002746353,7.36E-05,0.000428413,0.000316353,9.10E-05,0.000320664,0.000389616,0.000102894,0.001492564,0.001537667,0,0.001371429,-0.001371429,0.000225689,-0.000225689,0.00188886,-1.319893955,1,grassland
Coconut Creek_Cypress Park,0.000563471,0.00018549,0.000199418,1.23E-05,1.56E-05,0,0.000193857,0.000471146,0,1.03E-06,0.000347579,7.59E-06,0.000101105,1.50E-07,0,2.57E-07,0.000464557,0,0.013048148,-0.013048148,0.003913283,-0.003913283,0.000872268,-0.070808984,1,area
Coconut Creek_George S. Gerber Memorial Park,0.000105152,0.000172945,0.000170505,2.39E-05,2.26E-05,0,0.000191944,0.000286061,0,0,0.000239213,1.20E-05,3.23E-05,6.67E-07,0,1.22E-06,0.000229262,0,0,0,0.000293636,-0.000293636,0.000940432,-0.154487266,1,mean_ndwi
Coconut Creek_Lakeside Park,6.94E-05,9.95E-05,8.59E-05,0,3.88E-05,0,5.59E-05,0.00012991,2.43E-05,5.47E-06,6.59E-06,0,1.69E-05,1.54E-05,0,5.79E-07,0.000159364,0,0,0,0,0,8.30E-05,-0.612801106,1,Biodiversity
Coconut Creek_Oak Trails Park,0.00018006,0.000197066,0.000276462,3.03E-06,2.58E-05,0,8.23E-05,9.20E-05,1.55E-05,6.65E-06,1.77E-05,1.18E-06,2.92E-05,1.24E-05,2.97E-06,2.70E-05,0.000160493,0,0,0,0.00044045,-0.00044045,8.72E-05,-0.628489834,1,grassland
Coconut Creek_Recreation Complex and Fitness Center North,9.78E-05,0.000101033,0.00012874,2.85E-06,7.96E-06,0,8.12E-05,0.000119773,1.00E-06,8.96E-06,2.13E-05,0,5.35E-05,3.55E-06,8.58E-06,6.01E-06,0.0001299,0,0.009700176,-0.009700176,0.001868691,-0.001868691,8.91E-05,-0.664426244,1,Biodiversity
Coconut Creek_Rowe Activity Center and Donaldson Park,0.003722474,0.001909406,0.004863834,4.35E-05,0.000896436,0,0.002160252,0.003550302,0.000174549,0.000260756,0.000559007,0,0.000502561,0.000349121,1.89E-05,0.001132513,0.001724834,0.111111111,0,0.111111111,0.084283281,0.02682783,0.001949969,-1.006855755,1,grassland
Coconut Creek_Sabal Pines Park,6.31E-06,1.53E-05,7.73E-05,1.10E-05,1.82E-05,0,4.41E-05,5.57E-05,0,7.32E-05,7.22E-06,0,4.03E-05,2.94E-06,4.08E-07,0,2.02E-05,0,0.003957784,-0.003957784,4.95E-05,-4.95E-05,7.21E-05,-0.269101238,2,grassland
Coconut Creek_Windmill Park and Dog Park,0.004418405,0.001342741,0.006820696,0,0.001144319,0,0.001338634,0.002900671,3.61E-05,0.000255176,0.000198415,0.000188816,0.000843453,2.65E-05,0.000294024,0.00115384,0.001608648,0,0.029377778,-0.029377778,0.002428148,-0.002428148,0.001962618,-1.396269471,1,grassland
Coconut Creek_Winston Park Nature Trail,8.50E-07,1.03E-06,1.36E-05,0,1.17E-06,0,1.82E-05,4.84E-05,0,2.42E-05,1.71E-07,3.74E-07,1.99E-05,8.57E-07,0,0,2.24E-06,0,0,0,2.12E-05,-2.12E-05,5.46E-05,-0.044893151,1,mean_ndwi
Cooper City_Bill Lips Sports Complex,7.88E-06,8.23E-06,3.92E-06,0,7.44E-06,0,9.00E-06,8.76E-07,0,0,1.23E-07,8.53E-07,1.14E-06,8.98E-08,0,0,7.74E-06,0,0,0,4.12E-06,-4.12E-06,2.66E-06,0.252483817,1,mean_ndvi
Cooper City_Chase Park,9.88E-05,9.06E-05,0.000117405,1.52E-05,1.74E-05,0,0.000156985,5.99E-05,2.02E-06,9.01E-07,2.59E-05,5.16E-06,3.52E-05,0,1.11E-06,3.92E-05,0.000100025,0,0.005517799,-0.005517799,0.000702525,-0.000702525,0.000112417,-0.277233176,1,mean_ndvi
Cooper City_Christie Schafale Park and Dog Park,0.000224123,0.000150778,0.000317153,1.19E-05,8.99E-05,0,0.000291522,0.000120704,3.26E-06,6.69E-07,4.15E-05,2.77E-05,0.000142858,1.25E-06,4.09E-06,8.81E-05,0.000169817,0,0.012967869,-0.012967869,0.001566133,-0.001566133,0.000141217,-0.575444189,1,grassland
Cooper City_Dawn Park,3.87E-06,6.28E-06,3.70E-06,3.79E-06,2.96E-06,0,3.79E-07,3.74E-07,2.59E-08,0,3.02E-07,0,0,0,0,1.49E-06,2.22E-07,0,0,0,4.78E-05,-4.78E-05,2.15E-06,-0.021262296,1,tree
Cooper City_Diamond Head Park,1.03E-05,9.39E-06,1.10E-05,9.68E-06,9.93E-06,0,3.00E-07,4.00E-07,0,2.10E-07,2.78E-06,4.58E-07,5.02E-07,0,0,3.29E-06,8.09E-07,0,0,0,1.97E-05,-1.97E-05,6.51E-06,0.095376893,1,grassland
Cooper City_Ellie Kozak Park,2.71E-05,2.26E-05,9.16E-05,4.56E-06,6.53E-06,0,3.96E-05,4.32E-05,0,1.81E-07,1.31E-06,5.92E-07,2.01E-05,1.55E-06,4.52E-07,4.73E-06,9.29E-06,0,0,0,0.000244048,-0.000244048,9.93E-05,-0.138559378,2,grassland
Cooper City_Flamingo Park,3.42E-06,4.15E-06,4.28E-06,0,5.68E-06,0,3.09E-06,9.69E-07,0,1.80E-07,6.57E-09,5.02E-07,9.31E-07,3.46E-07,0,0,5.11E-06,0,0,0,0,0,2.54E-06,0.288805761,1,herbaceous_wetland
Cooper City_Flamingo West Park,2.99E-08,2.98E-08,3.99E-08,6.98E-08,0,0,4.91E-08,0,0,0,8.14E-10,0,1.10E-10,0,0,1.46E-08,0,0,0,0,0,0,2.65E-06,-0.019306475,1,water
Cooper City_Forest Lake Park,1.78E-07,1.88E-06,5.08E-07,0,1.75E-06,0,7.11E-07,2.59E-07,0,0,0,6.03E-08,3.56E-07,0,0,4.62E-09,1.40E-06,0,0,0,0,0,2.54E-06,-0.001786073,1,tree
Cooper City_Jerry Morgan Park,2.13E-06,2.53E-06,1.43E-06,1.87E-06,2.13E-06,0,4.21E-08,1.41E-07,0,0,0,0,1.68E-07,0,0,2.08E-07,6.61E-08,0,0,0,2.39E-05,-2.39E-05,7.04E-06,0.104739566,1,tree
Cooper City_Memorial Park,5.32E-05,4.57E-05,7.49E-05,1.10E-05,6.23E-06,0,0.000114287,4.74E-05,9.62E-07,0,4.08E-07,7.62E-07,5.87E-05,0,0,6.73E-06,4.98E-05,0,0.003756158,-0.003756158,0.000824405,-0.000824405,0.000101348,-0.151470956,1,mean_ndvi
Cooper City_Natalie's Cove Park,5.32E-06,6.54E-06,9.07E-06,0,9.28E-06,0,9.48E-06,3.27E-06,0,8.27E-07,6.89E-08,1.01E-06,1.30E-06,2.80E-07,0,1.95E-09,8.29E-06,0,0.000467639,-0.000467639,0.000188542,-0.000188542,1.54E-06,0.569107972,1,mean_ndvi
Cooper City_Pine Lake Park,1.80E-05,1.95E-05,2.03E-05,1.33E-05,1.37E-05,0,3.26E-05,8.45E-06,0,0,7.31E-07,0,2.51E-07,0,0,9.92E-07,1.60E-05,0,0,0,0,0,9.20E-05,-0.047324459,1,mean_ndvi
Cooper City_Pool & Tennis Center Park,0,0,0,0,0,0,0,0,0,0,0,0,0,0,0,0,0,0,0,0,0,0,0,NA,1,
Cooper City_Stirling Palm Park,4.08E-06,2.42E-06,2.81E-06,2.19E-06,2.31E-06,0,3.18E-07,1.35E-07,0,0,4.34E-07,2.81E-08,0,0,0,3.63E-07,2.09E-07,0,0,0,0,0,2.13E-06,-0.011018294,1,area
Cooper City_Suellen H. Fardelmann Sports Complex,3.99E-06,4.40E-06,6.46E-06,5.24E-06,3.78E-06,0,4.87E-07,5.56E-07,5.26E-09,0,1.81E-06,0,0,0,0,1.44E-06,1.96E-07,0,0,0,4.35E-05,-4.35E-05,2.57E-06,-0.219622546,1,grassland
Cooper City_Tamarind Park,1.04E-06,1.07E-06,2.44E-06,7.82E-09,1.22E-06,0,2.91E-06,2.86E-07,0,0,3.18E-09,4.03E-07,2.76E-07,0,0,3.18E-09,1.75E-06,0,0,0,2.42E-05,-2.42E-05,2.55E-06,-0.004217828,1,mean_ndvi
Cooper City_Ted Ferone Park,1.26E-06,1.68E-06,6.18E-07,8.80E-07,1.06E-06,0,7.96E-07,1.78E-06,0,0,0,0,0,0,0,0,8.80E-07,0,0,0,0,0,8.21E-06,0.004974019,1,mean_ndwi
Coral Springs_Betti Stradling Park,3.57E-06,1.13E-05,4.27E-06,0,3.01E-06,0,9.92E-06,6.06E-06,3.51E-07,9.76E-07,3.45E-06,6.13E-07,3.81E-07,3.66E-07,0,8.50E-06,2.15E-05,0.004651163,0.001639344,0.003011819,0.004151779,0.000499384,3.10E-05,-0.042576502,1,Biodiversity
Coral Springs_Castlewood Park,2.49E-05,3.83E-05,3.16E-05,1.13E-06,2.36E-05,0,3.48E-05,4.35E-05,7.37E-05,1.20E-05,4.51E-06,1.88E-05,1.29E-05,0,2.43E-06,1.68E-06,0.000130257,0,0.004091731,-0.004091731,0.000337907,-0.000337907,4.36E-05,-0.584887449,1,Biodiversity
Coral Springs_Coral Springs Aquatic Complex,4.13E-05,1.39E-05,3.88E-05,8.85E-07,2.35E-05,0,2.42E-05,2.01E-05,0.000186124,2.98E-05,3.90E-06,3.80E-06,2.00E-05,0,0,1.25E-07,0.000162793,0,0.002414644,-0.002414644,0.000387285,-0.000387285,6.63E-05,-0.375672817,1,Pavilion_Picnic_Area
Coral Springs_Countrywood Park,0.000207623,0.000189266,0.000981801,0,5.58E-05,0,0.000281859,0.000350124,0,3.26E-05,0,3.81E-05,0.000122053,0,1.81E-05,5.40E-08,0.000486748,0,0.012414966,-0.012414966,0.002176871,-0.002176871,0.000318471,-1.106684074,1,grassland
Coral Springs_Cypress Hammock,1.01E-05,5.78E-06,6.76E-06,0,1.48E-05,0,1.41E-06,8.92E-06,2.64E-06,5.04E-07,4.32E-07,0,1.52E-06,0,4.87E-10,6.24E-06,5.48E-06,0,0.000904977,-0.000904977,0.000130091,-0.000130091,4.84E-05,-0.004095469,1,herbaceous_wetland
Coral Springs_Cypress Park,6.33E-06,2.28E-06,4.04E-06,0,1.03E-05,0,4.05E-07,4.41E-06,1.81E-06,3.85E-07,8.42E-07,0,3.23E-07,0,0,3.21E-06,1.99E-06,0.004524887,0,0.004524887,0.003555068,0.000969819,2.90E-05,-0.065734768,1,herbaceous_wetland
Coral Springs_Dede Gilmore Memorial Park,2.01E-06,1.69E-05,1.92E-05,0,6.67E-06,0,1.65E-06,7.63E-06,1.87E-06,3.05E-06,1.28E-06,4.86E-05,4.38E-07,0,0,5.99E-07,5.17E-06,0,0,0,9.03E-05,-9.03E-05,0.000179745,-0.074905445,1,Jog_Walk_path
Coral Springs_Eagle Ridge Park,1.84E-05,2.96E-05,3.30E-05,9.04E-07,1.05E-05,0,9.33E-06,1.51E-05,0.000111967,1.64E-05,1.32E-05,2.23E-06,1.31E-05,0,0,1.43E-06,0.000171263,0,0.002708333,-0.002708333,0.000620181,-0.000620181,3.71E-05,-0.366533385,1,Biodiversity
Coral Springs_Fern Glen Park,5.77E-06,1.06E-05,0,0,8.62E-06,0,1.30E-06,1.01E-05,0,4.02E-06,7.53E-09,0,6.49E-06,4.50E-06,0,0,8.99E-06,0,0.001010101,-0.001010101,8.08E-05,-8.08E-05,3.11E-06,-0.269108395,1,tree
Coral Springs_Forest Hills Park,0.00050032,0.000148949,0.000946505,0,9.79E-05,0,0.000453906,0.000732874,0,7.60E-05,0,0.000269345,0.000103485,0,2.48E-05,1.28E-06,0.000246516,0.047619048,0,0.047619048,0.034868404,0.012750644,0.000313396,-1.077233932,1,grassland
Coral Springs_Forest Hills West Park,0.000252707,0.000186773,0.000849383,0,4.74E-05,0,0.00025966,0.00051862,0,4.84E-06,0,0.000149853,0.000115618,0,0,1.89E-07,0.000232168,0,0.014652015,-0.014652015,0.003687831,-0.003687831,0.000276752,-0.839073051,1,grassland
Coral Springs_Lakeview Park,1.83E-05,3.47E-05,7.57E-06,4.21E-08,1.16E-05,0,1.74E-05,5.46E-06,9.43E-05,1.20E-05,1.09E-06,0,5.68E-06,0,0,2.39E-06,8.74E-05,0,0.000948855,-0.000948855,0.000502858,-0.000502858,5.07E-05,-0.05121591,1,Pavilion_Picnic_Area
Coral Springs_Lions Park,0.000202322,4.54E-05,0.000392754,0,4.71E-05,0,0.000157997,0.000380275,2.58E-07,2.95E-05,1.03E-06,0.000207148,5.58E-05,3.11E-07,8.07E-07,0,0.00020327,0,0.011111111,-0.011111111,0.000992424,-0.000992424,0.000221052,-0.465161999,1,grassland
Coral Springs_Mullins Park,1.42E-06,1.39E-06,2.35E-06,0,1.24E-05,0,7.28E-06,4.12E-06,1.07E-05,4.29E-07,4.56E-06,0,8.58E-08,0,0,6.38E-07,2.06E-05,0,0.002262444,-0.002262444,0.000439419,-0.000439419,0.000179007,-0.07049177,1,Biodiversity
Coral Springs_North Community Park,1.96E-05,8.22E-06,2.05E-05,1.05E-05,1.35E-05,0,2.52E-05,1.40E-05,1.01E-06,2.57E-06,2.61E-06,1.16E-06,2.01E-06,0,0,6.52E-06,2.75E-05,0,0.003559115,-0.003559115,0.00056786,-0.00056786,3.66E-05,-0.072690327,1,Biodiversity
Coral Springs_Orchid Park,8.43E-06,6.33E-06,9.23E-06,0,2.02E-05,0,1.51E-06,1.07E-05,0,1.06E-06,2.05E-07,0,8.27E-07,0,0,2.93E-06,1.02E-05,0,0.000452489,-0.000452489,1.58E-05,-1.58E-05,4.89E-05,-0.013675072,1,herbaceous_wetland
Coral Springs_Paul Barre Memorial Park,1.07E-05,1.03E-05,9.38E-06,0,4.81E-06,0,2.10E-06,1.02E-05,0,4.10E-06,0,4.29E-08,5.19E-06,7.27E-06,0,0,8.60E-06,0,0,0,1.21E-05,-1.21E-05,0.000154967,-0.02714611,1,area
Coral Springs_Paul Britton Park,1.66E-05,1.85E-05,1.03E-05,9.57E-06,2.39E-05,0,2.98E-05,4.73E-05,1.06E-05,5.90E-06,2.54E-06,1.34E-05,6.20E-06,0,6.38E-08,4.79E-06,4.74E-05,0,0.001550388,-0.001550388,0.000126912,-0.000126912,4.76E-05,-0.394329378,1,Biodiversity
Coral Springs_Poinciana Park,1.97E-06,3.44E-06,1.30E-05,0,4.05E-06,0,3.15E-06,2.30E-05,8.90E-07,1.62E-08,0,3.74E-05,1.74E-08,3.09E-07,0,3.40E-06,1.78E-05,0,0.003078627,-0.003078627,0.000208527,-0.000208527,0.000159542,-0.057244928,1,Jog_Walk_path
Coral Springs_Pride Promoters Park,9.02E-06,3.37E-05,5.83E-05,0,3.80E-06,0,3.32E-05,1.69E-05,7.87E-08,5.67E-07,0,4.77E-06,3.21E-07,5.57E-07,0,0,3.60E-05,0,0.001814059,-0.001814059,0.000626984,-0.000626984,0.000162349,-0.083326068,1,grassland
Coral Springs_Ralph Diaz Memorial Park,6.04E-05,6.77E-05,0.00025693,0,1.55E-05,0,0.000160674,0.000153936,0,7.70E-06,1.18E-06,0.000145907,0.00012448,0,0,5.19E-05,0.000149202,0,0.003225206,-0.003225206,0.000558411,-0.000558411,0.000217531,-0.445539972,1,grassland
Coral Springs_Riverside Park,5.83E-05,9.75E-05,0.000107867,0,0.000148986,0,1.03E-05,0.000109088,0,2.03E-05,1.07E-05,2.73E-07,2.17E-05,4.61E-07,3.52E-07,2.51E-06,0.000156141,0,0,0,3.58E-05,-3.58E-05,2.37E-05,0.168724069,1,Biodiversity
Coral Springs_Sandy Ridge Sanctuary,3.82E-05,3.36E-05,8.29E-05,0,3.97E-06,0,8.93E-05,7.85E-05,2.62E-09,2.74E-06,3.06E-09,3.27E-05,9.56E-07,2.46E-06,0,1.79E-06,5.03E-05,0,0.002741703,-0.002741703,0.001355514,-0.001355514,0.000212132,-0.414813398,1,mean_ndvi
Coral Springs_Sherwood Forest Park,6.80E-05,0.000135261,0.00054151,0,1.54E-05,0,0.000175723,0.000181095,0,2.26E-05,6.59E-07,0.000102614,9.81E-05,0,0,7.11E-06,0.000275068,0,0.00806579,-0.00806579,0.001140667,-0.001140667,0.000265096,-0.761617884,1,grassland
Coral Springs_Sportsplex Athletic Complex,2.25E-05,2.08E-05,1.55E-05,1.42E-06,1.83E-05,0,6.15E-05,3.18E-05,0.000140684,1.42E-05,7.00E-06,1.48E-05,1.47E-05,0,0,1.43E-07,0.000142184,0,0.002083333,-0.002083333,0.000164216,-0.000164216,4.44E-05,-0.613839911,1,Biodiversity
Coral Springs_Three Friends Park,2.76E-05,2.19E-05,3.24E-05,9.37E-07,1.33E-05,0,5.08E-05,3.16E-05,0.000104086,2.82E-05,7.21E-06,1.51E-05,3.41E-05,0,0,2.52E-07,0.000189249,0.02,0,0.02,0.014635022,0.005364978,4.45E-05,-0.615406167,1,Biodiversity
Coral Springs_Three Mountains Natural Area,4.66E-06,2.36E-06,1.26E-06,3.32E-06,1.02E-06,0,5.67E-07,4.58E-07,0,1.44E-08,7.65E-07,2.73E-08,1.46E-07,0,0,4.48E-07,1.15E-07,0,0,0,5.53E-05,-5.53E-05,3.88E-06,0.106605575,1,area
Coral Springs_Turtle Run Park,1.10E-05,1.11E-05,2.83E-07,0,8.23E-06,0,9.13E-07,9.80E-06,0,1.29E-05,7.87E-09,7.00E-07,8.06E-06,4.20E-06,0,0,1.03E-05,0,0,0,0,0,3.74E-06,-0.527570152,1,Kids_Playground
Coral Springs_Village Green Park,6.97E-05,8.77E-05,0.000224552,0,1.75E-05,0,0.000118313,0.000217077,1.89E-07,4.90E-05,0,0.00014018,2.51E-05,8.67E-06,0,0,0.000278632,0,0,0,0.000198413,-0.000198413,0.000214564,-0.431034679,1,Biodiversity
Coral Springs_Westchester Park,4.46E-05,3.08E-05,2.39E-05,2.61E-06,2.13E-05,0,4.83E-05,2.80E-05,0.00015478,1.15E-05,5.29E-06,1.21E-05,2.09E-05,0,0,1.20E-06,0.000182628,0,0.004466667,-0.004466667,0.000947383,-0.000947383,4.28E-05,-0.555796722,1,Biodiversity
Coral Springs_Windings Park,2.67E-05,3.99E-05,2.28E-05,3.61E-08,4.61E-05,0,3.83E-05,8.15E-05,1.90E-05,1.32E-05,2.22E-06,1.68E-05,4.72E-06,0,0,1.14E-06,0.000110395,0,0.015775194,-0.015775194,0.000755504,-0.000755504,6.53E-05,-1.400295678,1,Biodiversity
Dania Beach_Chester Byrd Park,0.000170206,0.000121333,7.54E-05,6.45E-05,7.29E-05,7.68E-05,0.000613506,8.83E-05,1.68E-05,2.78E-05,2.48E-06,6.73E-06,9.87E-06,5.53E-05,0,9.99E-05,0.000284337,0,0.00104089,-0.00104089,0.000511097,-0.000511097,0.001537864,-0.08228207,1,mean_ndvi
Dania Beach_CW Thomas Park,0.0004786,0.001184271,0.000373134,0.001415855,0.001055728,1.33E-05,0.001677776,0.001024533,0.000216694,5.05E-06,0.000387483,6.48E-07,3.73E-10,1.29E-05,0,6.32E-05,0.003719407,0,0.007209926,-0.007209926,0.000473584,-0.000473584,0.001997314,-0.458624598,1,Biodiversity
Dania Beach_Dania Beach Marina,0.001091979,0.001259093,0.002700559,0.001534086,0.003174054,0.001152381,0.002086347,0.002978657,0.002979368,2.39E-05,0,0.000990357,9.48E-05,8.85E-05,0,8.67E-07,0.003409611,0,0.040909091,-0.040909091,0.013357143,-0.013357143,0.002031707,-0.49172113,1,Biodiversity
Dania Beach_Dania Cove Park,1.70E-05,3.40E-05,1.93E-05,3.55E-06,2.82E-07,0,8.37E-07,2.08E-05,4.02E-08,7.56E-08,3.27E-07,1.32E-06,2.69E-08,3.37E-05,0,4.02E-08,2.75E-05,0,0.006272932,-0.006272932,0.000120535,-0.000120535,1.62E-05,-0.292698098,1,tree
Dania Beach_Frank C. Tootie Adler Park,0.002119063,0.00051169,0.002313447,0.001228848,0.003505909,0.000618587,0.00120633,0.001655192,0.003613034,6.43E-05,0,0.001939035,7.53E-05,7.20E-05,0,3.51E-07,0.00313997,0,0.03697479,-0.03697479,0.004383063,-0.004383063,0.002199851,-0.615176311,1,Pavilion_Picnic_Area
Dania Beach_Frost Park,0.00137904,0.001116085,0.000782693,0.003025524,0.003839949,0.00012602,0.004767697,0.000828378,0.001357377,1.19E-05,0.0014402,0.000797289,0.000202511,4.42E-05,0,0.000207522,0.006525856,0,0.006520222,-0.006520222,0.000327303,-0.000327303,0.002686221,-0.965623545,1,Biodiversity
Dania Beach_Griffin Marine Park,1.65E-05,2.20E-05,1.79E-05,9.75E-06,2.94E-06,0,2.29E-06,3.37E-05,2.11E-07,2.71E-07,8.10E-06,1.31E-07,0,2.27E-05,0,0,3.32E-05,0,0,0,3.03E-05,-3.03E-05,1.47E-05,-0.2254437,1,mean_ndwi
Dania Beach_I.T. Parker Center,0.001683027,0.001032097,0.001958216,0.002913865,0.005502448,0.000241764,0.001795603,0.00181573,0.005093219,0.000440638,0.000147292,0.00250692,0.00053395,3.69E-05,0,0,0.005614753,0.142857143,0,0.142857143,0.103484548,0.039372595,0.002414384,-0.766708744,1,Biodiversity
Dania Beach_Linear Park,0.000584603,0.000351577,0.000408966,0.000227639,0.000256579,0.000186433,0.001248274,0.000450445,0.0002668,4.57E-06,0.000125604,0.000449697,5.40E-05,0.000214112,0,1.44E-05,0.00026151,0,0,0,0.001112891,-0.001112891,0.001662125,-0.172728048,1,mean_ndvi
Dania Beach_Mildred V. Jones Park,4.71E-06,0.000317513,0.000261252,0.000668885,0.000577371,0,0.000707868,0.000265435,0.00018466,2.23E-08,4.62E-05,2.97E-05,1.94E-05,4.35E-06,0,4.92E-05,0.001950542,0,0,0,0.001216273,-0.001216273,0.001459324,-0.061541829,1,Biodiversity
Dania Beach_Ocean Park Beach,0.002632276,0.001001595,0.001404466,0.001831927,0.00352201,0.000585794,0.002450864,0.002417448,0.002428272,2.26E-05,1.35E-08,0.000766876,8.18E-05,9.55E-05,0,0,0.003465826,0,0.005714286,-0.005714286,0.001891108,-0.001891108,0.002295136,-0.685136384,1,herbaceous_wetland
Dania Beach_Southwest Community Center,2.66E-05,0.000156211,0.000102535,0.000507438,0.000450716,3.55E-05,0.00082941,0.000157089,1.87E-05,1.23E-09,0.000136753,1.01E-05,0,2.15E-05,0,1.12E-06,0.000988143,0,0.107142857,-0.107142857,0.002678571,-0.002678571,0.002338734,-0.629249647,1,Biodiversity
Dania Beach_Tigertail Lake Park,1.16E-06,2.57E-06,1.99E-07,2.93E-07,1.47E-08,0,5.33E-07,2.58E-06,1.35E-09,3.49E-08,1.05E-08,2.09E-08,5.58E-08,0,0,8.13E-08,4.77E-06,0,0.000874268,-0.000874268,4.84E-05,-4.84E-05,1.23E-05,0.016040182,1,Biodiversity
Dania Beach_Whiskey Creek Hideout,0.001123132,0.000476929,0.001498423,0.00178411,0.002195919,0.000236169,0.001831003,0.001730474,0.002554958,0.000176878,5.12E-05,0.00077539,1.35E-06,0,0,0,0.001580476,0,0.017857143,-0.017857143,0.004103203,-0.004103203,0.001893517,-0.237016707,5,Pavilion_Picnic_Area
Davie_Bergeron Park,9.19E-06,5.59E-06,0,2.84E-06,9.32E-06,0,7.53E-06,1.09E-05,0,2.17E-07,1.66E-06,1.78E-07,4.02E-06,2.68E-08,0,6.34E-06,6.89E-06,0,0,0,1.21E-05,-1.21E-05,9.13E-05,-0.039222234,1,mean_ndwi
Davie_Berman Park,4.01E-06,1.03E-05,1.14E-06,7.12E-06,7.22E-07,0,2.93E-06,3.05E-06,0,2.65E-07,8.33E-07,8.32E-09,7.03E-08,7.72E-07,1.33E-06,0,1.41E-06,0,0,0,4.05E-05,-4.05E-05,7.23E-06,-0.091169298,1,tree
Davie_Betty Booth Roberts Park,3.49E-06,2.73E-06,5.58E-08,4.13E-06,8.37E-07,0,3.00E-07,3.49E-06,0,6.59E-07,0,3.45E-08,0,1.80E-06,0,0,3.84E-06,0,0,0,0,0,9.09E-05,-0.039046081,1,water
Davie_Davie Pine Island Park,0.000199232,0.0002547,7.99E-05,2.87E-06,0.000101076,0,0.000373243,0.00012901,4.19E-06,7.59E-06,7.19E-05,2.07E-05,0.000100071,1.96E-06,3.83E-06,5.63E-05,0.000129631,0,0.0065432,-0.0065432,0.001627601,-0.001627601,0.000158738,-0.803521099,1,mean_ndvi
Davie_Driftwood Estates Park,1.03E-05,1.12E-05,0,9.48E-06,1.04E-05,0,1.20E-05,8.42E-06,0,1.18E-05,1.20E-05,0,3.86E-06,9.20E-06,0,0,1.22E-05,0,0,0,0,0,9.27E-06,-0.662201521,1,Biodiversity
Davie_East Davie Nature Park,2.73E-06,4.60E-06,5.23E-07,3.07E-06,3.49E-07,0,1.44E-07,1.41E-06,0,3.49E-07,5.58E-08,0,0,8.33E-07,3.06E-07,0,9.48E-07,0,0,0,0,0,6.86E-06,-0.034679183,1,tree
Davie_Firefighters Park,0.000106562,3.51E-05,6.89E-05,1.53E-05,4.44E-06,0,0.000198476,6.66E-05,6.04E-07,3.44E-06,2.57E-06,1.40E-05,5.99E-05,1.24E-05,0,1.06E-07,5.21E-05,0,0.000326655,-0.000326655,0.000602025,-0.000602025,0.000117139,-0.338734795,1,mean_ndvi
Davie_Lange Park,1.70E-05,1.36E-05,3.24E-06,1.10E-05,1.88E-06,0,4.27E-05,1.27E-05,0,1.05E-06,2.17E-06,4.62E-06,2.28E-06,8.32E-06,0,4.64E-07,1.19E-05,0,0.000957785,-0.000957785,0.000151641,-0.000151641,9.30E-05,-0.063427538,1,mean_ndvi
Davie_Liberty Park,7.58E-07,7.94E-07,8.77E-07,3.63E-07,1.05E-06,0,1.10E-07,2.56E-08,1.88E-09,0,4.14E-08,0,0,4.36E-07,7.25E-08,3.37E-08,1.05E-06,0,0,0,0,0,3.99E-06,-0.057909858,1,Biodiversity
Davie_Math Igler Citrus Park,9.69E-06,7.86E-06,6.30E-06,4.40E-07,9.99E-06,0,1.06E-05,5.97E-08,7.74E-08,2.31E-07,6.50E-07,9.24E-07,6.65E-07,1.08E-07,7.89E-08,2.35E-06,1.08E-05,0,0,0,0,0,4.44E-06,0.499123826,1,Biodiversity
Davie_Oak Hill Equestrian Park,6.63E-06,1.12E-05,6.72E-06,1.71E-07,3.49E-06,0,1.21E-05,1.39E-06,2.28E-07,4.39E-08,1.70E-06,2.06E-07,8.63E-08,3.58E-06,2.04E-08,3.01E-07,9.08E-06,0,0,0,9.36E-06,-9.36E-06,1.18E-06,0.671195943,1,mean_ndvi
Davie_Orange Drive Linear Park,0.000343247,0.000321152,0.000101914,1.45E-05,3.07E-05,0,0.000446742,8.29E-05,1.35E-05,1.49E-05,6.47E-06,2.60E-05,0.00013405,1.53E-05,1.35E-06,1.93E-05,0.000112093,0,0.006024971,-0.006024971,0.00053517,-0.00053517,0.000203297,-1.268027862,1,mean_ndvi
Davie_Owls Lookout Park,5.29E-06,8.28E-06,9.15E-06,2.47E-08,9.38E-06,0,8.50E-06,1.01E-06,1.85E-08,1.44E-07,1.03E-06,3.45E-08,2.03E-07,1.69E-06,2.16E-07,2.41E-08,9.72E-06,0,0,0,1.17E-05,-1.17E-05,1.54E-06,0.569323969,1,Biodiversity
Davie_Peaceful Ridge Park,9.55E-06,1.14E-05,1.09E-05,0,1.15E-05,0,8.60E-06,2.29E-07,1.54E-07,9.94E-08,1.86E-06,8.64E-08,2.61E-07,1.67E-06,1.07E-07,0,1.13E-05,0,0,0,1.81E-05,-1.81E-05,1.75E-06,0.510303437,1,herbaceous_wetland
Davie_Potter Park,2.34E-06,3.12E-06,0,4.25E-06,2.23E-07,0,3.69E-07,2.93E-07,0,4.18E-08,0,0,0,3.63E-07,0,0,3.90E-07,0,0,0,0,0,5.69E-06,-0.020654534,1,water
Davie_Reflections Park,0.00023067,0.000250696,0.000124117,8.53E-06,7.04E-05,0,0.000396107,0.000240663,3.95E-06,6.90E-06,6.51E-05,7.87E-07,0.000141559,8.52E-07,4.21E-07,5.13E-05,0.000144605,0.035714286,0,0.035714286,0.024241064,0.011473222,0.00016956,-0.891644657,1,mean_ndvi
Davie_Robbins Preserve,1.34E-05,1.52E-05,1.61E-05,0,1.76E-05,0,1.96E-05,4.04E-06,1.59E-07,7.55E-08,3.53E-08,6.58E-07,1.63E-06,2.31E-07,4.45E-07,7.32E-08,1.71E-05,0.00617284,0,0.00617284,0.005916912,0.000255928,4.18E-06,0.528324224,1,mean_ndvi
Davie_Shenandoah Park,6.20E-07,7.13E-07,7.00E-07,6.74E-07,5.94E-07,0,2.30E-07,3.69E-07,7.33E-09,0,3.46E-08,0,9.33E-08,0,2.27E-07,4.93E-08,5.04E-07,0,0,0,0,0,2.36E-06,-0.072437827,1,tree
Davie_Silver Lake Park,3.22E-07,2.25E-06,5.99E-07,1.56E-07,2.02E-07,0,2.86E-06,1.41E-06,0,3.64E-09,0,0,4.85E-09,4.51E-07,1.56E-06,0,2.41E-07,0,0.001335113,-0.001335113,0.000130841,-0.000130841,1.61E-06,-0.104809919,1,mean_ndvi
Davie_Sunny Lake Bird Sanctuary,2.18E-06,7.25E-07,0,1.80E-06,1.39E-07,0,1.32E-07,0,0,0,9.76E-08,0,0,3.63E-07,0,1.39E-08,7.88E-07,0,0,0,2.06E-05,-2.06E-05,6.98E-06,-0.053857394,1,area
Davie_The Park at Waverly,1.60E-07,9.71E-08,8.81E-08,9.81E-08,1.86E-07,0,1.80E-09,1.12E-08,0,0,6.72E-08,0,3.15E-09,0,0,0,3.95E-08,0,0,0,0,0,2.67E-07,0.107353339,1,herbaceous_wetland
Davie_Veterans Park,0,0,0,0,0,0,0,0,0,0,0,0,0,0,0,0,0,0,0,0,0,0,0,NA,1,
Davie_Waterford Park,6.91E-07,4.74E-07,5.12E-07,4.42E-07,5.58E-07,0,4.33E-07,9.89E-09,0,0,3.35E-08,0,3.44E-08,8.04E-08,0,2.25E-08,2.27E-07,0,0,0,4.11E-06,-4.11E-06,1.32E-06,0.090495654,1,area
Davie_Wes Griffin Park,0.000571429,0.00047619,0.00047619,0.00044898,0.000560587,0,0,9.86E-05,1.87E-05,0,0,0,0,0,0,4.42E-05,0.000655825,0,0,0,0,0,0.001451575,-0.039075591,1,Biodiversity
Davie_Westridge Park,4.52E-05,2.07E-05,1.72E-05,7.70E-07,2.16E-05,0,2.35E-05,2.39E-05,4.35E-08,7.82E-07,6.53E-07,3.51E-07,2.62E-05,1.38E-06,1.52E-07,3.60E-06,2.67E-05,0,0.001213592,-0.001213592,7.04E-05,-7.04E-05,9.27E-05,-0.054619813,1,area
Davie_Wolf Lake Park,8.91E-05,8.34E-05,4.81E-05,1.76E-05,4.25E-06,0,0.000121902,5.19E-05,1.06E-06,4.94E-06,1.65E-05,3.89E-05,2.01E-05,2.24E-05,5.58E-07,5.22E-06,7.48E-05,0.009146341,0,0.009146341,0.008969548,0.000176793,0.00011771,-0.345252387,2,mean_ndvi
Deerfield Beach_Ada Graham-Johnson Park,3.04E-05,9.02E-05,2.25E-05,5.62E-06,6.07E-06,0,2.55E-05,2.26E-05,0,1.67E-05,9.89E-07,8.35E-06,3.36E-06,3.33E-06,3.86E-06,2.23E-06,2.73E-05,0,0.000769231,-0.000769231,4.62E-05,-4.62E-05,4.89E-05,0.162981225,1,tree
Deerfield Beach_Branhilda Richardson-Knowles Memorial Park,9.97E-06,5.03E-06,1.89E-07,8.14E-06,1.38E-06,0,9.07E-06,6.62E-06,1.87E-08,1.87E-08,1.26E-06,0,1.48E-07,0,0,7.48E-08,1.15E-05,0,0,0,0,0,5.69E-06,-0.013784896,1,Biodiversity
Deerfield Beach_Central Crystal Heights,8.77E-06,1.98E-05,2.70E-06,1.65E-06,3.27E-06,0,1.25E-05,2.96E-05,8.09E-07,1.72E-06,2.43E-06,8.88E-07,4.51E-06,9.66E-07,1.27E-07,7.24E-06,1.19E-05,0,0,0,5.48E-05,-5.48E-05,0.000135557,-0.041529856,1,mean_ndwi
Deerfield Beach_Constitution & Arboretum Park,2.36E-05,6.36E-05,1.76E-05,7.19E-06,6.28E-06,0,3.31E-05,5.31E-05,6.82E-07,2.59E-05,6.10E-07,9.15E-06,4.08E-06,8.18E-07,1.62E-06,5.19E-06,4.93E-05,0.011538462,0,0.011538462,0.010335465,0.001202997,2.17E-05,-0.780299844,1,tree
Deerfield Beach_Cornerstone Park,0.00021298,5.67E-05,5.86E-05,0,0,0,3.94E-06,8.10E-06,0,0,0,0,1.58E-07,4.39E-05,0,0,7.55E-05,0,0,0,0,0,0.00013294,-0.054879022,1,area
Deerfield Beach_Hillsboro Community Center,3.07E-06,3.39E-06,5.82E-07,1.18E-06,1.02E-06,0,5.80E-06,7.24E-06,0,0,8.98E-07,0,0,0,0,7.10E-07,4.31E-06,0,0,0,0,0,1.33E-05,0.010680752,1,mean_ndwi
Deerfield Beach_Kirk Cottrell Pavilion,2.68E-05,2.58E-05,2.32E-06,3.38E-05,1.55E-05,0,2.41E-05,2.15E-05,0,1.98E-06,1.05E-06,1.75E-06,1.60E-07,0,0,0,2.08E-05,0,0.001055046,-0.001055046,8.03E-05,-8.03E-05,6.00E-06,-0.068903712,1,water
Deerfield Beach_Mayo Howard Park,4.28E-05,3.70E-06,3.09E-05,0,0,0,0,3.47E-06,5.51E-07,0,0,0,0,9.45E-07,0,0,1.73E-06,0,0,0,0,0,0.000126142,-0.000935756,1,area
Deerfield Beach_North Crystal Heights,2.13E-05,2.68E-05,2.81E-06,1.68E-06,4.23E-06,0,1.54E-05,2.71E-05,2.15E-06,5.42E-06,2.52E-06,6.30E-07,5.58E-06,5.19E-07,4.30E-07,7.39E-06,2.56E-05,0,0,0,1.95E-05,-1.95E-05,1.65E-05,-0.353146791,1,mean_ndwi
Deerfield Beach_Oveta McKeithen Recreational Complex,7.29E-07,4.94E-06,0,2.34E-06,0,0,3.48E-06,3.49E-06,0,1.87E-08,8.42E-07,0,0,0,0,0,5.84E-06,0,0,0,0,0,1.41E-05,-0.047576141,1,Biodiversity
Deerfield Beach_Pastor Willie James Ford Sr. Linear Park,4.41E-05,2.88E-05,2.17E-05,0,0,0,7.20E-07,9.36E-06,0,0,0,0,0,0,0,0,1.39E-05,0,0,0,0,0,0.000126576,-0.004379221,1,area
Deerfield Beach_Pioneer Park,1.18E-05,2.18E-05,1.96E-06,1.56E-05,8.62E-06,0,1.37E-05,1.86E-05,1.02E-08,4.35E-07,1.11E-06,4.78E-08,7.21E-07,1.80E-08,0,0,1.26E-05,0,0.000582496,-0.000582496,6.12E-05,-6.12E-05,5.97E-06,-0.063359956,1,tree
Deerfield Beach_Sullivan Park,2.42E-05,1.84E-05,2.49E-06,3.57E-05,1.52E-05,0,2.90E-05,1.45E-05,5.18E-07,3.32E-06,1.03E-06,8.50E-07,7.01E-08,0,0,0,2.53E-05,0,0,0,2.75E-05,-2.75E-05,5.96E-06,-0.062088703,1,water
Deerfield Beach_Teen Center,6.96E-05,1.70E-05,0.000112476,0,3.15E-06,0,1.89E-06,1.76E-05,1.80E-06,0,0,7.20E-07,0,5.45E-06,0,0,2.76E-05,0,0,0,0,0,0.000129129,-0.024641174,1,grassland
Deerfield Beach_Tivoli Sand Pines Preserve,3.53E-05,1.73E-06,1.73E-06,0,0,0,0,0,0,0,0,0,0,0,0,0,0,0,0,0,5.43E-05,-5.43E-05,0.000126024,0,1,area
Deerfield Beach_Trailhead Park,1.66E-05,3.62E-05,1.10E-05,9.83E-06,1.10E-05,0,2.17E-05,1.91E-05,6.89E-07,4.10E-06,2.46E-06,3.09E-06,7.00E-06,4.31E-06,6.48E-07,7.60E-06,3.12E-05,0,0,0,0,0,5.77E-05,0.014136789,1,tree
Deerfield Beach_Villages of Hillsboro Park,0.000106314,0.000153169,6.65E-05,3.65E-06,5.59E-06,0,5.75E-05,7.99E-05,4.26E-06,4.45E-05,1.04E-06,2.09E-06,1.83E-05,2.20E-05,7.38E-06,4.61E-06,5.54E-05,0,0.00415298,-0.00415298,0.000525688,-0.000525688,8.37E-05,-0.431918282,1,tree
Fort Lauderdale_Ann Herman Park,3.07E-05,2.73E-05,0,0.000161117,0.000135405,0,7.58E-06,9.84E-05,6.77E-06,2.28E-05,2.58E-05,1.11E-05,2.25E-06,2.59E-05,0,0,2.77E-05,0,0.001282051,-0.001282051,0.000515582,-0.000515582,4.13E-05,0.213901929,1,water
Fort Lauderdale_Annie Beck Park,1.21E-05,1.32E-05,2.14E-06,4.28E-07,1.09E-07,0,1.28E-05,2.73E-05,2.41E-06,7.18E-07,3.51E-07,1.49E-06,7.26E-07,0,1.63E-06,8.01E-07,3.34E-05,0,0,0,0.00015071,-0.00015071,0.000685838,-0.02580664,1,Biodiversity
Fort Lauderdale_Bass Park,7.17E-07,5.82E-07,1.23E-06,0,0,0,2.24E-07,5.82E-07,0,1.57E-07,0,1.90E-07,3.26E-08,0,0,0,0,0,0,0,0,0,1.79E-05,-0.000682167,1,grassland
Fort Lauderdale_Bayview Park,0.000577196,0.000221347,0.000404847,7.83E-05,0.000320473,0,0.000225118,0.000662404,1.40E-05,2.39E-05,4.36E-06,9.53E-05,0.00024137,0,0,0.000158343,0.000474673,0.04,0.003888889,0.036111111,0.032632657,0.007367343,0.000338373,-0.359730937,1,mean_ndwi
Fort Lauderdale_Beach Community Center,0.000180346,0.000117303,0.000170546,0,7.20E-05,0,0.000109311,0.000210853,1.40E-05,5.21E-06,8.10E-06,4.95E-06,0.000274872,0,6.80E-08,2.83E-05,0.000148877,0,0.01320192,-0.01320192,0.003982214,-0.003982214,0.000305067,-0.225891879,1,Athletic_facility
Fort Lauderdale_Benenson Park,1.63E-05,2.06E-05,0,2.56E-05,2.02E-05,0,3.27E-06,2.33E-05,2.74E-06,3.29E-07,0,5.27E-08,1.43E-07,1.78E-06,0,0,1.16E-05,0,0,0,0,0,5.06E-05,0.038287561,1,water
Fort Lauderdale_Bill Keith Preserve,0.000190023,7.11E-05,3.09E-05,0.000313574,0.0001409,0,0.000118148,0.00016878,9.95E-06,9.04E-05,6.21E-05,1.16E-05,0,0.000124384,0,3.66E-05,0.000145233,0.025641026,0,0.025641026,0.019588149,0.006052877,0.000374814,-0.1565523,1,water
Fort Lauderdale_Bryant Peney Park,0.001096808,0.001084467,0.000594102,2.00E-05,3.52E-05,0,0.002699887,0.000964257,0,3.75E-05,1.76E-05,0.000268948,3.56E-05,7.00E-05,0,0.00015346,0.001136231,0.066666667,0,0.066666667,0.053815527,0.01285114,0.000581448,-0.809171588,1,mean_ndvi
Fort Lauderdale_Bubier Park,4.35E-06,9.16E-07,7.44E-08,2.70E-08,3.44E-07,0,4.37E-06,2.17E-06,0,8.32E-09,1.98E-07,6.38E-07,0,0,0,0,3.08E-06,0,0.000530786,-0.000530786,0.000100318,-0.000100318,4.39E-06,-0.346959391,1,mean_ndvi
Fort Lauderdale_Carter Park-Sunland Park,0.000404266,0.000132848,0.000554241,1.15E-05,7.71E-06,0,0.00081408,0.000504412,0,5.11E-06,9.32E-06,0.000150473,2.03E-06,0,0,3.76E-05,0.0003132,0.016393443,0,0.016393443,0.016708373,-0.00031493,0.000741961,-0.109108756,1,mean_ndvi
Fort Lauderdale_Cliff Lake Park,0.000129527,0.000797456,0.000137839,4.10E-09,1.15E-06,0,0.000313358,0.000292343,1.55E-06,2.25E-05,7.38E-05,8.70E-06,5.70E-08,0,0,6.34E-07,0.000106374,0,0.005555556,-0.005555556,0.000422788,-0.000422788,0.000379986,-0.29616228,1,tree
Fort Lauderdale_Colee Hammock Park,7.76E-06,1.08E-05,9.35E-07,3.61E-07,5.99E-07,0,9.55E-06,4.07E-06,5.51E-07,2.06E-07,5.56E-07,3.44E-06,4.11E-07,0,7.65E-07,5.90E-07,3.05E-05,0.006369427,9.38E-05,0.006275583,0.004991678,0.001377749,3.36E-05,-0.06792865,1,Biodiversity
Fort Lauderdale_Coontie Hatchee Park,6.22E-05,4.40E-05,2.26E-05,0.000219401,1.91E-05,0,2.56E-05,3.10E-05,1.11E-05,9.12E-06,8.01E-06,0,0,0.000108861,0,1.18E-05,1.68E-05,0,0.001314924,-0.001314924,0.000284188,-0.000284188,0.000340148,-0.050334501,1,water
Fort Lauderdale_D.C. Alexander Park,5.33E-05,1.53E-05,4.66E-05,2.63E-06,1.18E-07,0,0.000141611,0.000141621,3.17E-05,2.51E-05,9.07E-06,9.00E-06,5.43E-06,0,3.59E-08,1.34E-07,8.00E-05,0,0.006425753,-0.006425753,0.001269168,-0.001269168,4.54E-05,-0.440297557,1,mean_ndwi
Fort Lauderdale_Dottie Mancini Park,0.000281229,3.83E-05,0.000262078,0,0.00021561,0,0.00021165,0.000344071,4.91E-06,1.81E-06,5.35E-06,6.18E-06,4.99E-06,0,0,9.77E-08,0.000137601,0,0.010666667,-0.010666667,0.00036928,-0.00036928,0.000275825,-0.096015026,1,mean_ndwi
Fort Lauderdale_Earl Lifshey Park,0.000110552,0.000129222,0.000103517,1.20E-05,5.99E-05,0,9.32E-05,8.78E-05,2.42E-05,4.55E-05,6.13E-06,4.53E-06,0.000273857,0,0,1.17E-05,0.000177055,0,0.001409006,-0.001409006,0.000526766,-0.000526766,0.000329385,-0.323612306,1,Athletic_facility
Fort Lauderdale_Esplanade Park,3.05E-07,2.03E-08,1.95E-05,2.08E-09,0,0,1.41E-05,1.59E-07,1.58E-08,2.17E-05,2.24E-06,0,9.17E-06,0,0,0,7.89E-08,0,0,0,0,0,0.000669303,-0.009042633,1,Kids_Playground
Fort Lauderdale_Esterre Davis Wright Park,0.000936514,0.000232165,0.000102068,0.000183713,0.000129341,0,0.0003993,0.000238229,2.53E-05,7.04E-05,6.30E-05,4.02E-05,5.27E-06,0.000164285,0,2.86E-05,0.000533043,0,0.015264283,-0.015264283,0.001745733,-0.001745733,0.000424944,-0.323379669,1,area
Fort Lauderdale_Flamingo Park,2.76E-05,5.53E-05,3.43E-06,0.00020315,9.15E-05,0,2.29E-05,0.000130489,5.22E-06,8.72E-05,6.87E-05,9.61E-06,2.32E-06,0.000119323,0,2.06E-06,4.19E-05,0,0.002855622,-0.002855622,0.000242728,-0.000242728,6.53E-05,-0.242367611,1,water
Fort Lauderdale_Florence C. Hardy Park,1.25E-06,1.07E-07,4.62E-08,2.82E-08,2.10E-07,0,1.70E-06,3.31E-07,0,0,0,4.34E-07,0,0,0,0,1.56E-07,0,0,0,0,0,0.000296443,-0.005040123,1,mean_ndvi
Fort Lauderdale_Floyd Hull Stadium,0.001363058,0.001332643,0.000494338,2.97E-05,2.63E-05,0,0.002053839,0.000250785,0,7.22E-05,1.37E-05,7.21E-05,0.000115019,7.81E-05,0,0.000109807,0.001114111,0,0,0,0.001595726,-0.001595726,0.000611017,-0.902855388,1,mean_ndvi
Fort Lauderdale_Fort Lauderdale Beach Park,5.21E-05,1.79E-05,7.81E-05,4.00E-06,2.30E-07,0,0.000104087,0.000125195,3.76E-05,2.77E-05,4.53E-06,1.39E-05,5.16E-06,0,0,1.05E-07,6.95E-05,0.004672897,0.007949173,-0.003276276,0.007062253,-0.002389356,3.99E-05,-0.264176728,1,mean_ndwi
Fort Lauderdale_George English Park,9.04E-06,4.06E-06,2.88E-06,3.78E-07,1.01E-06,0,1.43E-06,5.54E-06,1.25E-08,3.10E-07,8.70E-07,1.13E-06,2.30E-07,0,2.72E-06,3.17E-07,4.10E-06,0,0,0,1.36E-05,-1.36E-05,3.38E-05,-0.015456261,20,area
Fort Lauderdale_Gore Betz Park,0.001468669,0.000395807,0.000253798,0.000128793,3.84E-05,0,0.001847312,0.000637824,1.23E-05,4.88E-05,2.17E-05,0.000578913,3.47E-05,0.000160376,0,0.000160696,0.000690542,0,0.014814815,-0.014814815,0.001637607,-0.001637607,0.000588686,-0.831692457,1,mean_ndvi
Fort Lauderdale_Harbordale Park,0.000736666,0.001690035,0.000522159,4.63E-07,2.34E-05,0,0.001328219,0.000898942,7.04E-06,9.94E-05,0.00014398,0.000113289,3.44E-05,0,0,0.000289286,0.000245151,0,0.055555556,-0.055555556,0.003627126,-0.003627126,0.000637547,-1.174167645,1,tree
Fort Lauderdale_Holiday Park,0.001785507,0.001407042,0.001499666,4.89E-08,9.65E-08,0,0.000953928,0.000924851,5.10E-06,0.000218757,0.000225596,0.001397514,0.000817633,0,0.000367029,0.000309028,0.001018567,0.003378378,0.025,-0.021621622,0.008250268,-0.00487189,0.001172718,-0.321732095,1,area
Fort Lauderdale_Hortt Park,6.70E-05,8.46E-05,3.90E-05,0.00021427,8.07E-05,0,2.96E-05,0.000258985,9.80E-06,8.23E-05,7.66E-05,1.76E-05,0,0.000157149,0,2.16E-05,8.37E-05,0,0.007863248,-0.007863248,0.001183761,-0.001183761,0.000367318,-0.133422735,1,mean_ndwi
Fort Lauderdale_Idlewyld Park-Merle Fogg Park,4.56E-05,1.22E-05,5.75E-05,3.80E-06,4.22E-07,0,0.000133547,0.0001937,3.86E-05,1.03E-05,4.58E-06,1.14E-05,2.71E-06,0,1.75E-07,0,7.57E-05,0,0.000856776,-0.000856776,0.000373316,-0.000373316,4.19E-05,-0.327061299,1,mean_ndwi
Fort Lauderdale_Las Olas Oceanside Park,5.77E-05,7.63E-06,5.82E-05,4.68E-06,9.26E-07,0,0.00011171,0.000141168,2.98E-05,1.91E-05,4.19E-06,6.41E-06,3.35E-06,0,1.79E-07,2.89E-07,8.58E-05,0.021276596,0.001072801,0.020203795,0.013998368,0.007278228,3.93E-05,-0.247099717,1,mean_ndwi
Fort Lauderdale_Lauderdale Manors Park,0.000527005,0.000503014,0.000214609,3.02E-06,1.15E-05,0,0.002182839,0.001428765,0,6.53E-07,1.05E-05,2.39E-05,2.31E-05,0,0,3.71E-05,0.001604187,0,0.016393443,-0.016393443,0.000200883,-0.000200883,0.000870079,-0.300624586,1,mean_ndvi
Fort Lauderdale_Lewis Landing Park,4.82E-06,4.49E-06,0,5.73E-06,3.82E-06,0,0,4.38E-07,0,0,0,0,0,8.84E-06,0,0,1.92E-07,0,0,0,5.77E-05,-5.77E-05,0.00034028,-0.050742824,1,Nature_Preserve
Fort Lauderdale_Lincoln Park,3.55E-05,3.79E-05,0.000118329,1.15E-06,2.19E-06,0,3.80E-05,3.36E-05,0,4.48E-08,1.32E-06,8.36E-07,9.89E-07,0,0,2.55E-05,1.64E-05,0,0,0,1.64E-05,-1.64E-05,2.69E-05,-0.502860677,1,grassland
Fort Lauderdale_Loggerhead Park,3.61E-05,7.90E-06,3.88E-05,5.20E-08,1.48E-05,0,2.08E-05,3.02E-05,1.17E-05,6.73E-07,1.09E-05,2.41E-06,2.40E-05,0,0,8.62E-07,4.25E-05,0.00877193,0,0.00877193,0.005267158,0.003504772,0.000397529,-0.063522746,1,Biodiversity
Fort Lauderdale_Lu Deaner Park,6.17E-05,4.04E-05,3.27E-06,4.81E-08,1.87E-05,0,3.98E-05,3.93E-05,1.20E-05,2.44E-06,1.62E-05,2.65E-06,6.13E-05,0,0,1.73E-06,4.79E-05,0,0.003673345,-0.003673345,0.000654248,-0.000654248,0.000547543,-0.127837434,1,area
Fort Lauderdale_Mangurian Park-Coral Ridge Country Club,0.00061243,0.000214091,0.000702907,0.00016986,0.000381585,0,0.000382563,0.000957095,4.80E-05,3.52E-05,3.56E-07,8.91E-05,0.000446832,0,0,0.000308004,0.000339197,0,0.045,-0.045,0.002698333,-0.002698333,0.000486704,-0.955789944,1,mean_ndwi
Fort Lauderdale_Middle River Terrace Park,0.001296461,0.001451427,0.002859357,1.50E-05,0.000159392,0,0.001163666,0.001214302,0,0.000142287,3.87E-06,0.001300345,0.001696147,0,6.45E-05,4.98E-05,0.003395987,0,0.010135135,-0.010135135,0.000588964,-0.000588964,0.001670461,-0.866709286,1,Biodiversity
Fort Lauderdale_Mills Pond Park,6.15E-06,2.84E-05,1.03E-06,1.38E-06,1.45E-05,0,0.000100689,0.000121454,0,8.93E-06,2.83E-07,1.60E-06,5.89E-06,0,0,3.34E-08,4.44E-05,0,0.004887585,-0.004887585,0.000986559,-0.000986559,0.000318173,-0.054388987,1,mean_ndwi
Fort Lauderdale_Northfork Riverfront Park,2.46E-05,8.51E-06,6.39E-05,4.01E-07,2.46E-06,0,2.20E-05,3.61E-05,0,4.75E-06,3.58E-07,7.50E-07,1.80E-06,0,0,4.21E-06,3.80E-06,0,0.000910747,-0.000910747,0.00010929,-0.00010929,2.04E-05,-0.136069218,1,grassland
Fort Lauderdale_Osswald Park,2.21E-06,2.23E-06,6.11E-07,6.87E-06,1.43E-06,0,8.64E-06,2.83E-06,0,4.34E-08,2.47E-07,2.46E-07,2.67E-07,0,0,1.14E-07,1.53E-05,0,0.003225806,-0.003225806,0.000122312,-0.000122312,2.44E-05,-0.163506331,1,Biodiversity
Fort Lauderdale_Palm Aire Village Park,1.71E-05,1.81E-05,5.45E-06,2.54E-07,2.68E-06,0,1.19E-05,1.60E-05,0,1.12E-05,2.23E-07,7.68E-09,3.16E-07,1.42E-05,0,0,1.26E-05,0,0.0096,-0.0096,5.76E-05,-5.76E-05,0.001068257,-0.098315573,5,tree
Fort Lauderdale_Peter Feldman Park,0.00119942,0.00092043,0.002162935,2.84E-08,3.52E-06,0,0.001241643,0.000816428,0,0.000544294,8.65E-05,0.001345634,0.001879317,0,0.000125612,0.000160295,0.000471943,0,0.038773885,-0.038773885,0.007986895,-0.007986895,0.001095976,-0.656991582,1,grassland
Fort Lauderdale_Riverland Park,6.03E-07,2.44E-05,0,0.000122398,3.57E-05,0,4.27E-06,5.64E-05,5.64E-06,1.12E-05,9.59E-06,4.38E-07,0,4.91E-05,0,0,6.99E-06,0,0,0,5.77E-05,-5.77E-05,5.61E-05,-0.280253576,1,water
Fort Lauderdale_Riverland Preserve,3.95E-05,4.85E-05,0,0.000225643,0.000179426,0,1.36E-05,0.000130776,3.90E-06,4.02E-05,2.72E-05,2.50E-05,3.13E-07,5.74E-05,0,0,2.56E-05,0,0.00811051,-0.00811051,0.001530442,-0.001530442,4.73E-05,0.101370253,1,water
Fort Lauderdale_Riverland Woods Park,2.61E-05,2.94E-05,1.90E-06,2.00E-05,8.59E-06,0,1.19E-05,3.02E-05,4.02E-08,1.09E-06,0,5.27E-08,0,1.40E-06,0,0,2.17E-05,0,0.001493931,-0.001493931,0.000117647,-0.000117647,1.25E-05,-0.034069455,1,mean_ndwi
Fort Lauderdale_Sailboat Bend Preserve,1.84E-06,3.58E-07,1.25E-06,0,0,0,2.51E-06,1.25E-06,0,1.79E-07,0,0,1.25E-06,0,0,0,0,0,0,0,2.73E-05,-2.73E-05,1.79E-05,-0.001132782,1,mean_ndvi
Fort Lauderdale_Smoker Park,8.48E-06,4.24E-06,2.43E-07,2.08E-09,2.05E-07,0,8.17E-06,2.63E-06,5.41E-08,3.48E-07,5.96E-07,1.09E-06,1.23E-07,0,2.11E-07,3.12E-07,8.43E-06,0,0.000374778,-0.000374778,6.61E-05,-6.61E-05,5.30E-06,-0.626849037,1,area
Fort Lauderdale_Snyder Park,0.001493548,0.001064603,0.000413288,2.23E-05,2.97E-05,0,0.00173267,0.000410314,0,5.82E-05,2.44E-05,0.000172142,0.000240756,9.20E-05,0,0.000134458,0.00100754,0.004024145,0.008547009,-0.004522864,0.004899752,-0.000875607,0.000557648,-0.7366517,1,mean_ndvi
Fort Lauderdale_South Intracoastal Park,5.13E-05,1.33E-05,7.36E-05,7.12E-06,2.19E-07,0,0.000178017,0.00014512,3.06E-05,1.66E-05,7.11E-07,1.27E-05,9.49E-06,0,3.81E-07,1.58E-07,7.99E-05,0,0.005806829,-0.005806829,0.001112559,-0.001112559,4.30E-05,-0.362536097,1,mean_ndvi
Fort Lauderdale_South Middle River Park,0.000724478,0.000514777,0.001514417,2.75E-05,0.000207777,0,0.001978513,0.001570237,0,6.70E-05,0.000135159,0.000168208,0.001388547,0,0,9.88E-05,0.002355667,0,0.020663833,-0.020663833,0.00144153,-0.00144153,0.001188021,-0.332810072,1,Biodiversity
Fort Lauderdale_Stranahan Park,1.96E-06,3.69E-07,6.01E-05,8.32E-09,8.80E-08,0,5.81E-06,8.28E-07,0,3.66E-08,8.08E-08,6.05E-05,2.91E-08,0,2.11E-07,5.33E-08,2.77E-06,0,0.011464968,-0.011464968,0.00072983,-0.00072983,0.00067811,-0.026438542,1,Jog_Walk_path
Fort Lauderdale_Sunset School Park,1.39E-05,1.18E-05,0,7.11E-06,4.94E-06,0,4.09E-06,1.34E-05,0,2.86E-07,0,2.56E-07,0,2.49E-06,0,7.53E-08,9.16E-06,0,0,0,0,0,1.22E-05,-0.010943355,1,area
Fort Lauderdale_SW 5th Ct and SW 12th Ave Park,0,0,0,0,0,0,0,0,0,0,0,0,0,0,0,0,0,0,0,0,0,0,4.38E-05,1.11E-16,1,area
Fort Lauderdale_Townsend Park,4.43E-06,1.30E-06,1.85E-05,0,0,0,8.60E-06,7.35E-06,0,0,7.84E-08,0,5.13E-06,0,0,2.36E-06,1.68E-06,0,0,0,7.51E-05,-7.51E-05,1.83E-05,-0.020221216,1,grassland
Fort Lauderdale_Twin Lakes North Park,3.77E-05,4.68E-05,3.31E-05,1.18E-05,1.68E-05,0,1.27E-05,9.12E-05,2.40E-06,3.09E-06,8.59E-06,4.58E-07,2.37E-06,0,0,0,3.80E-05,0,0.00625,-0.00625,0.000825,-0.000825,0.000183259,-0.096292872,1,mean_ndwi
Fort Lauderdale_Victoria Park,1.16E-05,1.79E-05,1.57E-06,8.19E-07,1.11E-07,0,3.06E-05,1.45E-05,1.97E-06,6.71E-07,1.27E-06,1.59E-06,1.05E-06,0,1.07E-06,1.97E-07,3.96E-05,0,0.002720276,-0.002720276,0.000571909,-0.000571909,3.50E-05,-0.111318718,1,Biodiversity
Fort Lauderdale_Vista Park,3.89E-05,1.54E-05,2.38E-05,4.40E-07,6.04E-07,0,1.05E-05,1.76E-05,9.61E-06,2.03E-06,2.04E-05,2.47E-06,1.47E-05,0,1.20E-07,3.26E-07,2.49E-05,0,0.005949168,-0.005949168,0.001626063,-0.001626063,0.000398538,-0.066224241,1,area
Fort Lauderdale_Warfield Park,0.002773791,0.001344143,0.004506103,0,0.000115464,0,0.002606772,0.001877986,0,0.000220319,5.81E-06,0.002944465,0.001813178,0,0.000163681,0.000366591,0.00195494,0.1,0.007203207,0.092796793,0.08027593,0.01972407,0.001259809,-0.421526058,1,grassland
Fort Lauderdale_Willingham Park,4.42E-05,4.52E-05,1.28E-05,7.33E-09,4.23E-06,0,3.26E-05,1.26E-05,8.63E-06,7.40E-06,1.36E-05,1.50E-06,3.67E-05,0,8.24E-08,3.57E-07,3.22E-05,0,0.004457075,-0.004457075,0.001189235,-0.001189235,0.000406469,-0.087442254,1,tree
Hallandale Beach_B.F. James Park and Pool,3.61E-05,2.34E-05,0.000160026,0,7.21E-07,0,0.000162498,0.000225327,4.24E-07,1.06E-07,0,0,6.89E-07,0,3.56E-07,4.73E-06,6.76E-05,0,0,0,0.00057197,-0.00057197,0.000169619,-0.231434646,1,mean_ndwi
Hallandale Beach_Curci House-Historical Village,0,0,0,0,0,0,3.27E-06,2.75E-06,0,0,0,0,0,0,0,0,0,0,0,0,0,0,0.000137743,-1.16E-05,1,mean_ndvi
Hallandale Beach_Foster Park & Plaza,4.02E-05,8.56E-05,0.000104405,0,3.05E-06,0,0.000155635,0.000358158,9.84E-07,1.06E-07,0,6.03E-07,1.17E-06,0,1.60E-05,5.49E-06,2.82E-05,0,0.003588517,-0.003588517,0.001727273,-0.001727273,0.000169582,-0.231162344,1,mean_ndwi
Hallandale Beach_Ingalls Park,0,0,4.48E-06,0,0,0,4.48E-06,0,0,0,0,0,0,0,0,0,0,0,0,0,0,0,0.000137746,-3.53E-05,1,grassland
Hallandale Beach_Joseph Scavo Park,5.96E-06,3.14E-06,1.91E-06,6.02E-06,0,7.05E-06,0,5.70E-06,0,5.85E-06,2.80E-08,0,1.74E-07,0,0,0,5.67E-06,0,0,0,0,0,6.49E-06,-0.01357993,1,mangroves
Hallandale Beach_OB Johnson Park,4.04E-05,3.99E-05,0.000165843,0,1.72E-07,0,0.000223816,0.000330099,0,0,0,2.95E-07,3.30E-06,0,1.16E-06,1.92E-05,0.000114891,0,0.006417112,-0.006417112,0.001170455,-0.001170455,0.000180694,-0.31183996,1,mean_ndwi
Hallandale Beach_South City Beach Park,0,0,0,0,0,1.79E-06,0,1.35E-06,0,0,0,0,0,0,0,0,4.49E-07,0,0,0,0,0,6.41E-06,0,1,mangroves
Hallandale Beach_Sunset Park,0,0,0,0,0,0,0,0,0,0,0,0,0,0,0,0,0,0,0,0,0,0,0,NA,1,
Hollywood_Bicentennial Park,5.53E-06,4.23E-06,2.77E-07,1.48E-06,2.98E-06,0,3.86E-06,5.05E-06,0,0,2.14E-06,1.77E-07,1.19E-06,5.44E-06,1.30E-06,0,1.75E-06,0,0.000109951,-0.000109951,9.35E-06,-9.35E-06,6.43E-06,0.030177125,1,area
Hollywood_Charles F. Vollman Park,0.000226138,0.000527212,0.000169186,2.98E-07,0.00018958,4.30E-08,0.000988345,8.53E-05,4.08E-05,6.03E-05,8.31E-05,4.61E-06,3.55E-05,0,0,2.37E-05,0.000703257,0,0.011363636,-0.011363636,0.000306818,-0.000306818,0.000343146,-1.512279777,1,mean_ndvi
Hollywood_Charnow Park-Historical Paddleball Courts,0.000138708,3.58E-05,2.91E-06,0.0001052,3.09E-05,0.000127397,1.99E-05,0.00010301,0,7.23E-06,1.30E-06,3.05E-06,4.14E-07,6.72E-05,0,1.52E-07,0.000117784,0,0.002061856,-0.002061856,0.000107731,-0.000107731,0.000176702,0.035816701,1,area
Hollywood_Fletcher Street Park,8.94E-06,1.10E-05,4.09E-06,1.12E-05,1.09E-05,0,6.68E-08,7.06E-07,0,1.20E-06,1.27E-05,0,0,6.87E-06,0,0,1.61E-07,0,0,0,0,0,1.17E-05,-0.00147897,1,Body_of_water
Hollywood_Harry Berry Park,1.59E-05,2.71E-05,2.94E-05,8.83E-06,1.21E-05,1.66E-05,1.48E-05,2.35E-05,0,1.61E-05,4.55E-07,4.41E-06,9.18E-06,0,0,6.77E-07,2.95E-05,0,0.00070028,-0.00070028,5.37E-05,-5.37E-05,0.000146227,-0.05298019,1,Biodiversity
Hollywood_Holland Park,8.70E-05,4.52E-05,3.45E-05,5.46E-05,3.27E-05,7.36E-05,0.00010969,0.000109533,0,2.10E-05,6.36E-06,7.61E-06,2.07E-06,3.94E-05,0,8.53E-06,8.84E-05,0.009803922,0.001559895,0.008244027,0.00970549,9.84E-05,0.000186932,-0.020001675,1,mean_ndvi
Hollywood_Hollywood West Skate Park,3.55E-06,3.51E-06,3.45E-06,0,0,0,2.89E-06,3.02E-06,1.20E-08,1.99E-07,0,1.92E-08,2.15E-07,1.18E-06,4.36E-06,0,2.96E-06,0,0,0,0,0,1.76E-06,-0.206754731,1,Dog_Park
Hollywood_Jefferson Park,0.000206694,0.000147071,0.000210206,4.83E-06,2.92E-05,5.21E-06,0.000155955,0.00015817,0,6.28E-06,4.14E-06,8.39E-06,4.10E-06,0,7.74E-06,4.12E-05,0.00020112,0,0.005050505,-0.005050505,0.000769453,-0.000769453,0.000181709,-0.30848608,1,grassland
Hollywood_Joe DiMaggio Park,1.74E-05,1.88E-05,3.40E-06,7.31E-06,1.37E-06,9.94E-06,1.13E-05,1.61E-05,0,1.11E-05,3.49E-07,1.50E-06,2.33E-07,0,0,4.03E-06,1.01E-05,0,0.00330202,-0.00330202,0.000381926,-0.000381926,0.000144676,-0.041809834,1,tree
Hollywood_John Williams Park-Sheridan Oak Forest,2.19E-06,1.13E-05,4.32E-06,6.72E-07,0,0,9.76E-06,1.14E-05,0,5.00E-07,9.55E-08,1.82E-07,1.24E-07,3.39E-06,7.90E-06,0,1.33E-06,0.004672897,0,0.004672897,0.004435747,0.00023715,1.83E-06,-0.255823447,1,mean_ndwi
Hollywood_Keating Park,9.01E-06,9.87E-06,1.25E-06,1.28E-05,2.55E-06,1.30E-05,3.64E-07,7.16E-06,0,1.03E-05,0,7.29E-08,1.36E-07,0,0,0,1.06E-05,0,0,0,1.23E-05,-1.23E-05,0.000144513,-0.040637088,1,mangroves
Hollywood_Lincoln Park,0.000433202,0.000896011,0.000650526,8.19E-06,9.39E-05,1.31E-05,0.000931511,0.000574166,3.01E-05,1.94E-05,6.88E-05,6.04E-05,1.57E-05,0,6.66E-05,8.24E-05,0.000660656,0.045454545,0,0.045454545,0.038204211,0.007250334,0.000241347,-0.745190121,1,mean_ndvi
Hollywood_Montella Park,1.24E-06,1.60E-06,2.55E-06,0,0,0,1.83E-06,2.29E-06,6.37E-09,9.36E-08,0,4.02E-08,2.42E-07,2.94E-06,1.94E-06,0,1.86E-06,0,0.00046729,-0.00046729,6.31E-05,-6.31E-05,1.58E-06,-0.084088111,1,Nature_Preserve
Hollywood_Oak Lake Park,1.04E-06,1.04E-05,4.25E-06,2.29E-06,3.68E-07,0,1.03E-05,1.07E-05,0,6.86E-08,1.23E-06,9.36E-08,2.01E-07,4.11E-06,2.25E-06,6.77E-08,1.53E-06,0,0.004672897,-0.004672897,3.86E-05,-3.86E-05,3.51E-06,-1.345071307,1,mean_ndwi
Hollywood_Oakridge Park & Dog Park,9.56E-08,1.89E-06,1.34E-06,4.49E-08,5.88E-08,0,1.61E-06,1.22E-06,0,0,1.37E-09,0,1.65E-08,2.77E-07,2.88E-07,1.29E-08,9.66E-07,0,0,0,3.35E-05,-3.35E-05,1.53E-06,-0.018717623,1,tree
Hollywood_Poinciana Park & Poinciana Dog Park,0.000144923,0.000112302,0.00029618,0,2.71E-06,0,0.000145878,0.000166727,0,0,0,3.07E-06,0,0,9.97E-06,1.59E-05,7.36E-05,0,0.010281385,-0.010281385,0.002929924,-0.002929924,0.000166967,-0.193431549,1,grassland
Hollywood_Rotary Park,0.000286787,0.000732147,0.000167921,4.22E-07,0.000270865,0,0.000886741,9.44E-05,6.03E-05,1.77E-05,0.000101233,0,9.56E-06,0,0,4.94E-05,0.000776779,0,0.000299401,-0.000299401,0.000191317,-0.000191317,0.00037648,-1.756327219,1,mean_ndvi
Hollywood_Zinkil Park,8.19E-07,8.19E-07,1.52E-06,1.64E-06,2.39E-06,0,1.84E-07,0,0,8.19E-07,0,0,0,8.19E-07,0,0,0,0,0,0,0,0,1.31E-05,-0.043066572,1,herbaceous_wetland
Lauderdale by the Sea_El Prado Park,0.000301726,0.000105228,0.000392779,2.92E-05,0.000230235,0,0.000282861,0.000318151,8.93E-06,7.20E-06,7.26E-06,4.09E-05,8.72E-05,0,0,3.61E-05,0.000264016,0.005025126,0.004,0.001025126,0.004377339,0.000647787,0.000301345,-0.210934145,1,grassland
Lauderdale by the Sea_Friedt Park,0.000281398,0.00013241,0.000266969,2.71E-05,0.000201937,0,0.000310442,0.00062112,1.23E-05,1.68E-05,1.10E-05,7.21E-05,0.00013373,0,0,2.14E-05,0.000279521,0,0,0,0.00092804,-0.00092804,0.000297871,-0.196976222,1,mean_ndwi
Lauderdale Lakes_Vincent Torres Memorial Park,0,0,0,0,0,0,0,0,0,0,0,0,0,0,0,0,0,0,0,0,0,0,0,NA,1,
"Lauderdale Lakes_Willie L. Webb, Sr. Park",0,0,0,0,0,0,0,0,0,0,0,0,0,0,0,0,0,0,0,0,0,0,0,NA,10,
Lauderhill_Herbert Sadkin Community Center,0,0,0,0,0,0,0,0,0,0,0,0,0,0,0,0,0,0,0,0,0,0,0,NA,1,
Lauderhill_Ilene Lieberman Botanical Gardens,4.81E-05,2.64E-05,0.000147369,1.49E-08,7.97E-06,0,9.05E-05,0.00011081,3.22E-05,0.000106873,1.64E-05,1.34E-07,1.16E-05,0,0,2.05E-05,6.41E-05,0,0.001388889,-0.001388889,6.00E-04,-6.00E-04,6.67E-05,-0.600535371,1,grassland
Lauderhill_Jackie Gleason Park,0.000147809,7.93E-05,9.16E-05,1.58E-06,5.29E-06,0,3.84E-05,0.000100021,6.36E-05,0.000279728,1.01E-05,0,6.77E-06,0,0,2.88E-05,4.35E-05,0,0.015,-0.015,0.002462108,-0.002462108,7.23E-05,-0.670355824,1,Kids_Playground
Lauderhill_James D. Bradley Jr. Park,0,0,0,0,0,0,0,0,0,0,0,0,0,0,0,0,0,0,0,0,0,0,0,NA,1,
Lauderhill_John E. Mullin Park & The Lauderhill Aquatic Center,0,0,0,0,0,0,0,0,0,0,0,0,0,0,0,0,0,0,0,0,0,0,0,NA,6,
Lauderhill_Lauderhill Sports Park,3.54E-05,1.02E-05,0.000163527,0,6.55E-07,0,5.68E-05,0.000170126,1.90E-05,6.81E-05,3.28E-05,0,2.16E-05,0,0,3.22E-05,1.84E-05,0,0.000208333,-0.000208333,0.000145833,-0.000145833,7.97E-05,-0.912036334,1,mean_ndwi
Lauderhill_Maye Frances Brooks Jenkins Park,0,0,0,0,0,0,0,0,0,0,0,0,0,0,0,0,0,0,0,0,0,0,0,NA,2,
Lauderhill_Ruth Rothkopf Park,0.000104048,6.04E-05,0.000146219,0,8.11E-06,0,3.57E-05,0.00013013,3.71E-05,0.000198362,1.85E-05,6.70E-07,1.48E-05,0,0,1.64E-05,6.46E-05,0,0.003630952,-0.003630952,0.000670833,-0.000670833,8.07E-05,-0.937907236,1,Kids_Playground
Lauderhill_St. George Community Park,0,0,0,0,0,0,0,0,0,0,0,0,0,0,0,0,0,0,0,0,0,0,0,NA,1,
Lauderhill_Veterans Park,0.000202056,4.74E-05,5.83E-05,0,5.56E-07,0,4.22E-05,7.63E-05,2.67E-05,0.000192545,6.94E-06,9.38E-07,2.60E-06,0,0,2.80E-05,6.28E-05,0,0,0,0,0,6.07E-05,-0.457049353,1,area
Lauderhill_Waterford Park,0.000152826,4.46E-05,0.000124097,0,5.61E-06,0,5.55E-05,0.000169948,1.65E-05,0.000205119,2.41E-05,4.76E-07,5.93E-06,0,0,9.38E-06,7.56E-05,0.025,0,0.025,0.017075298,0.007924702,7.48E-05,-0.796365031,1,Kids_Playground
Lauderhill_West Ken Lark Park,0,0,0,0,0,0,0,0,0,0,0,0,0,0,0,0,0,0,0,0,0,0,0,NA,1,
Lauderhill_Westwind Park,0.00021811,0.000121079,8.43E-05,0,6.78E-06,0,5.86E-05,0.00013508,8.33E-06,0.000200852,3.84E-06,3.41E-07,2.94E-06,0,0,3.19E-05,0.0001178,0,0,0,0,0,9.05E-05,-1.171894445,1,area
Lauderhill_Wolk Park,0,0,0,0,0,0,0,0,0,0,0,0,0,0,0,0,0,0,0,0,0,0,0,NA,1,
Lighthouse Point_Dan Witt Park,0.000350167,0.00039459,0.00039558,0,5.63E-07,0,2.09E-05,3.66E-05,4.50E-08,0.000293771,0,2.48E-05,2.30E-05,6.19E-05,0,0,0.000405392,0,0.000869565,-0.000869565,8.70E-05,-8.70E-05,0.000171457,-0.360509051,1,Biodiversity
Lighthouse Point_De Groff Park,1.23E-05,3.39E-05,3.46E-05,4.82E-06,7.38E-06,0,6.34E-06,1.16E-05,0,1.37E-06,1.07E-06,1.06E-05,0,0,0,2.00E-09,2.19E-05,0,0,0,0,0,0.000129425,-0.012428719,1,grassland
Lighthouse Point_Frank McDonough Park,0.000409953,0.000276218,0.000326353,4.43E-06,6.50E-06,0,5.21E-05,2.73E-05,2.07E-05,3.53E-05,0,5.47E-05,1.36E-06,0.000158191,0,0,8.73E-05,0,0,0,5.43E-05,-5.43E-05,0.000164192,0.133482203,1,area
Margate_Centennial Park,0.000353215,0.000236116,0.000723937,0,0.000125,0,0.000640999,0.000292558,1.42E-06,3.34E-05,0,0.000112982,5.11E-05,0,5.24E-05,0,0.000194742,0,0.026785715,-0.026785715,0.000892857,-0.000892857,0.000306148,-1.029192413,1,grassland
Margate_Coral Gate Park,9.90E-06,1.17E-05,3.86E-06,3.05E-06,1.12E-05,0,3.50E-07,3.33E-06,0,1.06E-06,6.29E-07,6.12E-09,1.07E-08,3.00E-07,9.52E-09,1.75E-09,8.44E-06,0,0,0,2.50E-05,-2.50E-05,5.73E-06,0.328787773,1,tree
Margate_David Park,4.30E-07,8.60E-07,0,0,0,0,6.30E-07,0,0,2.00E-07,0,1.23E-07,0,1.23E-07,0,0,8.60E-07,0,0,0,0,0,6.16E-06,-0.002131443,1,tree
Margate_Firefighters Park,0.000334201,0.000159173,0.000315423,0,2.53E-05,0,0.000431567,0.000109383,0,2.43E-05,1.70E-07,5.80E-05,4.03E-05,1.34E-06,7.56E-07,0,0.000192228,0,0.019047619,-0.019047619,0.003532323,-0.003532323,0.000230638,-0.528699712,1,mean_ndvi
Margate_Kaye Stevens Park,2.52E-05,8.30E-05,5.48E-05,0,2.38E-06,0,2.34E-05,8.57E-05,0,3.12E-06,9.73E-05,3.05E-06,0,7.96E-08,0,5.14E-06,0.00019687,0,0.010921717,-0.010921717,0.002807239,-0.002807239,0.000836576,-0.02699238,1,Biodiversity
Margate_Margate Sports Complex,0.000597096,0.001253844,0.000617578,2.76E-06,1.98E-05,0,0.000481408,0.001110734,0,0,0.000496951,3.94E-05,0.000141236,1.76E-05,2.65E-05,1.87E-05,0.000905198,0,0,0,0.000676667,-0.000676667,0.001079421,-0.325743172,1,tree
Margate_Serino Park,2.54E-05,2.51E-05,6.15E-07,0,2.50E-06,0,2.22E-05,1.65E-05,0,2.33E-06,0,1.71E-06,8.40E-07,4.96E-06,0,0,1.23E-05,0,0.000564706,-0.000564706,7.60E-05,-7.60E-05,0.000821201,-0.008541904,1,area
Margate_Southeast Park,0.000263631,0.000424702,0.001179647,0,1.47E-05,0,0.000103536,0.000393036,2.06E-06,1.68E-05,0.000865849,6.19E-05,7.11E-06,0.000141914,6.40E-06,3.91E-06,0.000156619,0,0.00256,-0.00256,0.000424296,-0.000424296,0.000870882,-0.063308704,1,grassland
Margate_Southgate Park,1.39E-05,1.40E-05,5.08E-07,1.61E-06,2.67E-06,0,8.06E-06,1.79E-05,4.10E-09,7.37E-07,1.38E-06,4.80E-07,5.56E-08,2.35E-06,0,0,3.54E-06,0,0,0,0,0,8.38E-06,0.046057299,1,mean_ndwi
Margate_Veterans Memorial Park,8.63E-07,4.92E-07,1.31E-07,1.84E-06,2.50E-06,0,0,1.61E-06,2.39E-08,0,1.84E-06,1.81E-07,0,0,0,0,1.72E-06,0,0,0,0,0,3.33E-06,-0.015619526,1,herbaceous_wetland
Margate_Vinson Park,0,0,0,0,0,0,0,0,0,0,0,0,0,0,0,0,0,0,0,0,0,0,0,NA,1,
Margate_Winfield Park,1.15E-05,1.57E-05,4.04E-05,0,4.65E-06,0,2.14E-05,9.69E-06,8.64E-07,4.71E-07,0,4.70E-05,4.11E-06,2.22E-06,2.29E-07,0,8.62E-05,0,0.001082251,-0.001082251,0.000503968,-0.000503968,0.000158406,-0.049940722,1,Biodiversity
Miramar_19th Street Park,1.13E-05,1.81E-05,1.46E-05,1.71E-05,8.89E-06,0,0,4.44E-06,0,2.49E-06,1.18E-05,0,0,1.50E-05,0,0,9.36E-07,0,0,0,0,0,1.21E-05,-0.032875329,1,tree
Miramar_Ansin Sports Complex,0.000578849,0.0002046,0.000459754,0,0.000228726,0,0.000671351,0.000603973,0.000550542,0,0,4.64E-05,0.000147365,0,0,9.75E-05,0.000626515,0,0.076923077,-0.076923077,0.000576923,-0.000576923,0.00103217,-1.616550667,6,mean_ndvi
Miramar_Beauty Park,3.25E-05,2.48E-05,4.03E-05,4.16E-05,2.47E-05,0,1.44E-05,5.96E-06,3.54E-06,0,2.26E-05,0,0,3.24E-05,0,1.17E-06,8.79E-07,0,0,0,0,0,1.25E-05,-0.065445535,1,water
Miramar_Beekman Park,7.08E-06,6.38E-06,8.43E-06,7.44E-06,5.59E-06,0,1.84E-06,1.75E-06,0,0,4.18E-06,8.08E-08,1.33E-06,0,0,0,9.77E-08,0,0,0,0,0,0.000396903,-0.011287835,1,grassland
Miramar_Bernard Park,6.77E-06,4.96E-06,3.93E-06,6.28E-06,4.79E-06,0,1.67E-06,1.58E-06,0,0,1.92E-06,2.17E-08,1.14E-07,0,0,0,1.71E-08,0,0.000108295,-0.000108295,9.75E-06,-9.75E-06,0.00039696,-0.011432564,1,area
Miramar_Civic Center Park,2.18E-05,1.38E-05,2.17E-05,2.06E-05,1.95E-05,0,1.96E-05,3.69E-06,2.81E-06,3.51E-07,1.75E-05,1.58E-06,0,2.82E-05,0,0,1.58E-06,0,0,0,0.000116465,-0.000116465,1.13E-05,0.143322213,1,Nature_Preserve
Miramar_Fairway Park,9.32E-06,8.09E-06,7.12E-06,7.30E-06,5.02E-06,0,2.06E-06,1.60E-06,3.48E-07,0,7.57E-06,9.12E-08,1.30E-08,0,0,0,5.10E-07,0,0.000334169,-0.000334169,1.17E-05,-1.17E-05,2.40E-06,-0.053127101,1,area
Miramar_Flamingo Estates Park,1.36E-06,1.62E-06,1.09E-06,1.78E-06,1.87E-06,0,4.92E-07,2.13E-07,3.44E-08,4.16E-08,8.42E-08,3.51E-08,2.40E-08,0,0,2.11E-08,1.84E-06,0,0.000243665,-0.000243665,1.27E-05,-1.27E-05,1.21E-06,0.076490386,1,herbaceous_wetland
Miramar_Forzano Field,0.000285846,0.000278778,0.000257369,2.68E-06,5.52E-05,0,0.000582005,0.000514096,3.03E-05,3.94E-06,9.28E-06,0.000199208,3.24E-06,0,0,9.77E-09,0.000721703,0,0.011514239,-0.011514239,0.003625731,-0.003625731,0.000498237,-0.269480806,1,Biodiversity
Miramar_Historic Miramar Aquatic Complex,2.46E-05,1.71E-05,2.95E-05,2.50E-05,2.76E-05,0,2.64E-05,5.26E-06,0,0,1.28E-05,1.06E-07,0,2.02E-05,0,0,7.27E-07,0,0,0,0,0,1.17E-05,0.117480187,1,grassland
Miramar_Lakeshore Park,0.000136682,0.000120669,0.000187156,3.95E-06,3.71E-05,0,0.000103131,0.000211593,2.29E-06,1.87E-07,1.35E-06,5.30E-05,2.11E-06,0,0,0,9.01E-05,0,0.007506123,-0.007506123,0.00250626,-0.00250626,0.000410078,-0.044856853,1,mean_ndwi
Miramar_Miramar Regional Park,4.04E-06,7.60E-06,4.94E-06,8.59E-06,6.07E-06,0,1.08E-06,6.18E-07,3.03E-07,1.48E-07,0,0,7.89E-08,0,0,2.46E-08,1.52E-06,0.004291845,0,0.004291845,0.003791726,0.000500119,7.65E-06,0.328320816,1,water
Miramar_Monarch Lakes Park,1.34E-06,1.63E-06,1.22E-06,9.25E-07,1.00E-06,0,5.52E-07,5.45E-07,2.00E-08,3.07E-09,3.07E-07,4.27E-09,0,0,0,4.76E-08,6.83E-07,0,0,0,1.01E-05,-1.01E-05,1.14E-06,0.129836195,1,tree
Miramar_Perry Park-Wellman Field,2.13E-05,2.37E-05,2.92E-05,2.34E-05,2.43E-05,0,1.87E-05,7.43E-06,2.57E-06,6.68E-08,2.09E-05,4.28E-07,0,2.77E-05,0,0,9.13E-07,0,0,0,1.66E-05,-1.66E-05,1.27E-05,0.037160315,1,grassland
Miramar_River Run Park,0.000172987,0.000186098,0.000232661,3.32E-06,4.58E-05,0,0.000433035,0.000290835,0.000117685,1.87E-07,1.30E-05,0.000100728,1.01E-05,0,1.14E-06,5.05E-05,0.000815768,0,0.014652015,-0.014652015,0.002383566,-0.002383566,0.000505026,-0.286779144,1,Biodiversity
Miramar_Sawyer Park,0,0,0,0,0,0,0,0,0,0,0,0,0,0,0,0,0,0,0,0,0,0,2.28E-06,2.22E-16,1,area
Miramar_Sheraton Park,7.52E-06,9.08E-06,7.32E-06,8.05E-06,6.42E-06,0,3.86E-06,2.88E-06,0,0,3.64E-06,3.21E-07,2.74E-06,0,0,1.75E-09,1.53E-06,0,0,0,0,0,0.000396162,-0.009400047,1,tree
Miramar_Shirley Branca Park,1.87E-05,1.55E-05,2.07E-05,1.74E-05,1.86E-05,0,1.73E-05,6.42E-06,8.19E-07,0,1.08E-05,1.17E-07,0,2.14E-05,0,0,3.51E-07,0,0,0,1.32E-05,-1.32E-05,1.06E-05,0.198291248,1,Nature_Preserve
Miramar_Silver Lakes Tennis Complex,9.73E-06,1.24E-05,6.26E-06,5.21E-06,6.78E-06,0,4.48E-06,3.36E-07,7.67E-08,5.96E-08,1.72E-06,7.16E-07,1.35E-06,6.10E-07,0,2.02E-08,3.71E-06,0,0,0,0,0,7.48E-06,0.343411065,1,tree
Miramar_Silver Shores Park,4.22E-06,5.20E-06,5.07E-06,5.58E-06,4.70E-06,0,3.51E-07,8.05E-07,4.28E-07,4.56E-08,0,4.35E-08,1.68E-08,0,0,0,6.26E-07,0,0.000178827,-0.000178827,3.68E-05,-3.68E-05,1.35E-06,-0.033189515,1,water
Miramar_Veteran's Memorial Park,3.31E-05,2.93E-05,3.09E-05,3.75E-05,3.11E-05,0,1.90E-05,4.06E-06,3.84E-06,1.17E-07,3.79E-05,0,0,3.46E-05,0,0,3.55E-07,0,0.001018849,-0.001018849,0.000225166,-0.000225166,1.26E-05,-0.081362552,1,Body_of_water
Miramar_Vizcaya Park,3.17E-06,3.36E-06,3.11E-06,3.86E-06,4.23E-06,0,3.66E-07,7.03E-07,1.67E-07,0,2.96E-08,3.24E-08,1.23E-08,0,0,1.96E-09,3.84E-06,0,0,0,0,0,1.40E-06,-0.069729482,1,herbaceous_wetland
North Lauderdale_Bicentennial Park,2.06E-05,1.32E-05,1.28E-06,3.89E-06,6.49E-06,0,1.16E-05,2.06E-05,0,7.37E-07,2.41E-06,1.22E-06,2.01E-07,1.69E-06,0,0,1.56E-05,0,0.001254877,-0.001254877,0.00016786,-0.00016786,8.84E-06,-0.00616541,1,mean_ndwi
North Lauderdale_Broadview Community Park,1.55E-05,3.89E-06,2.16E-06,1.51E-05,1.97E-05,0,4.43E-06,9.29E-06,8.21E-09,0,6.44E-06,2.57E-06,1.05E-06,4.22E-07,0,0,8.84E-06,0,0,0,0,0,7.37E-06,0.160676723,1,herbaceous_wetland
North Lauderdale_Hampton Pines Park,2.18E-05,1.56E-05,6.63E-06,2.01E-05,1.84E-05,0,7.22E-06,1.49E-05,6.57E-07,4.27E-07,1.18E-05,2.43E-06,0,3.69E-07,0,0,1.89E-05,0.007017544,0,0.007017544,0.006808772,0.000208772,5.21E-06,-0.587758641,1,area
North Lauderdale_TOT Park,1.53E-05,1.16E-05,1.26E-06,1.18E-05,1.03E-05,0,1.26E-06,1.48E-06,0,5.97E-09,3.78E-06,1.31E-06,1.03E-07,0,0,5.97E-09,2.75E-06,0,0,0,8.77E-06,-8.77E-06,4.53E-06,-0.380556298,2,area
Oakland Park_Cherry Creek Park,0.000501382,0.000163953,0.000658029,4.37E-05,0.000386684,0,0.000270703,0.000967302,9.75E-05,0.000117283,0,3.35E-05,4.45E-05,0,3.33E-06,0.000173116,0.000253402,0,0.041666667,-0.041666667,0.000483333,-0.000483333,0.000630183,-0.298060176,1,mean_ndwi
Oakland Park_Dr. Carter G. Woodson Park,0.000376299,0.000906732,0.00024667,1.62E-06,0.000272266,0,0.000371044,0.00072,0.000157985,0.000619525,1.35E-05,0.000101064,0.000145869,0,0,5.70E-05,0.000145271,0,0,0,0.000168414,-0.000168414,0.000512299,-0.200911239,1,tree
Oakland Park_Jaco Pastorius Park,0.000589148,0.000928663,0.000499628,7.55E-06,0.000372808,0,0.000607279,0.001052783,6.48E-05,0.000805203,2.86E-06,6.39E-05,0.000235804,0,0,4.18E-05,0.000489421,0.05,0.008888889,0.041111111,0.042483889,0.007516111,0.000539951,-0.111600591,1,mean_ndwi
Oakland Park_Lakeside Sand Pine Preserve,3.86E-06,5.49E-06,1.07E-06,5.50E-06,5.52E-06,0,1.09E-05,6.60E-06,0,1.45E-08,6.50E-07,5.78E-08,0,1.90E-08,0,1.90E-08,9.86E-06,0,0,0,0,0,5.70E-06,-0.313532925,1,mean_ndvi
Oakland Park_Stunson Nature Trail,9.28E-06,9.89E-06,2.13E-06,1.33E-05,1.25E-05,0,2.04E-05,1.23E-05,2.89E-07,2.48E-08,6.42E-07,4.28E-07,1.69E-06,0,0,0,1.82E-05,0,0,0,0,0,0.00017312,-0.035641002,1,mean_ndvi
Oakland Park_Veterans Park,9.78E-06,1.18E-05,8.18E-07,6.92E-06,1.09E-05,0,1.82E-05,7.87E-06,4.13E-07,0,7.59E-07,6.44E-07,3.55E-06,0,0,3.24E-07,1.92E-05,0,0,0,3.70E-05,-3.70E-05,6.91E-06,-0.593618455,1,Biodiversity
Oakland Park_Wimberly Fields Park,0.000400266,0.000952877,0.000450842,3.97E-06,0.000218117,0,0.000343341,0.000472272,6.71E-05,0.000416241,2.62E-05,3.04E-05,0.000226876,0,0,4.16E-05,0.000199866,0,0.022177419,-0.022177419,0.005259812,-0.005259812,0.000507634,-0.189974968,1,tree
Parkland_Barkland Dog Park,2.72E-05,1.27E-05,2.90E-05,1.79E-05,1.51E-05,0,2.81E-05,2.06E-05,3.72E-06,1.73E-05,2.52E-06,1.12E-06,1.95E-06,3.15E-07,1.90E-06,1.16E-06,2.08E-05,0,0.006504109,-0.006504109,0.000666103,-0.000666103,2.13E-05,-0.784451727,1,grassland
Parkland_Covered Bridge Park,1.34E-05,2.24E-05,3.20E-05,0,1.40E-05,0,4.22E-05,8.52E-05,3.83E-05,1.20E-06,0,0,1.19E-06,5.74E-06,0,3.22E-07,0.00013771,0,0,0,0.000111111,-0.000111111,6.57E-05,-0.277872369,1,Biodiversity
Parkland_Doris Davis Forman Wilderness Preserve,8.73E-06,9.69E-06,1.61E-06,6.77E-08,1.44E-06,0,1.41E-05,3.04E-05,1.25E-05,1.26E-06,2.67E-07,1.23E-07,6.78E-07,7.58E-06,0,0,2.70E-05,0,0.003265295,-0.003265295,0.00106861,-0.00106861,5.84E-05,-0.087027951,1,mean_ndwi
Parkland_Equestrian Center at Temple Park,1.32E-05,1.48E-05,1.53E-05,2.80E-07,9.51E-07,0,4.14E-05,1.74E-05,7.14E-06,2.98E-05,3.20E-07,8.42E-07,9.47E-07,7.71E-07,4.99E-07,0,1.10E-05,0,0.004098361,-0.004098361,0.000165665,-0.000165665,1.70E-05,-0.424393025,1,mean_ndvi
Parkland_John H. Quigley Park - Parkland Tennis Center,2.10E-05,6.59E-06,6.94E-06,0,2.17E-06,0,1.89E-05,3.25E-05,2.19E-05,3.62E-07,0,1.15E-06,6.49E-07,1.04E-05,0,0,3.35E-05,0,0.004933212,-0.004933212,0.001040832,-0.001040832,6.07E-05,-0.129108767,1,Biodiversity
Parkland_Liberty Park,2.26E-05,1.19E-05,2.01E-05,1.49E-05,1.28E-05,0,3.56E-05,2.21E-05,3.99E-06,2.29E-05,1.74E-06,1.52E-06,1.16E-06,3.18E-07,2.01E-06,1.16E-06,2.38E-05,0.008196721,0.002615654,0.005581067,0.006880455,0.001316266,1.73E-05,-0.448140631,1,mean_ndvi
Parkland_Pine Trails Park,4.57E-05,1.91E-05,3.06E-05,2.96E-05,4.44E-05,0,1.69E-05,2.34E-05,2.04E-06,1.18E-05,4.92E-06,3.89E-06,3.13E-06,0,2.78E-06,1.37E-06,4.19E-05,0.010752688,0.001779557,0.008973131,0.0103443,0.000408388,1.93E-05,-0.612401133,1,area
Parkland_Six Acre Woods Park,2.82E-05,4.14E-05,2.57E-05,2.89E-06,1.32E-05,0,3.93E-05,0.000129519,4.13E-05,3.22E-07,0,0,6.36E-06,2.08E-06,0,0,8.04E-05,0,0,0,0.000217593,-0.000217593,7.21E-05,-0.401450142,1,mean_ndwi
Parkland_Terramar Park,2.08E-05,2.87E-05,1.63E-05,0,4.08E-06,0,2.21E-05,7.76E-05,2.66E-05,7.83E-07,0,8.23E-07,1.51E-06,1.07E-05,0,0,6.43E-05,0,0.002077641,-0.002077641,0.0006239,-0.0006239,6.56E-05,-0.220755366,1,mean_ndwi
Pembroke Park_Raymond P. Olgesby Preserve-Pembroke Park Preserve,1.93E-05,1.74E-05,1.98E-05,1.03E-05,1.71E-05,0,1.42E-06,1.11E-05,0,2.50E-06,2.51E-05,1.46E-08,0,1.98E-05,0,2.92E-08,2.31E-06,0,0.005298013,-0.005298013,0.00013245,-0.00013245,1.39E-05,-0.191742592,1,Body_of_water
Pembroke Pines_Ashley Hale Park,2.27E-05,4.28E-05,4.77E-05,3.83E-06,0.000134502,0,3.27E-05,3.00E-06,8.61E-06,8.38E-06,1.90E-06,0,1.58E-08,0,0,1.53E-07,0.000341866,0,0,0,9.62E-05,-9.62E-05,0.000406482,-0.038376049,1,Biodiversity
Pembroke Pines_Ben Fiorendino Park,8.78E-05,0.000243098,0.000219385,7.28E-05,0.00013424,0,0.000621708,0.000204274,1.29E-05,0.000175234,4.25E-06,2.55E-07,5.62E-05,0,0,4.61E-07,0.000543141,0,0.013756843,-0.013756843,0.000580452,-0.000580452,0.000612808,-0.561430074,1,mean_ndvi
Pembroke Pines_Chapel Trail Nature Preserve,4.62E-05,5.40E-05,5.47E-05,4.55E-05,5.78E-05,0,4.73E-05,4.81E-05,6.52E-05,0.000223706,2.24E-05,2.31E-05,0.000144488,1.33E-05,0.000136988,4.06E-06,0.000118284,0.012658228,0.012095846,0.000562382,0.012531339,0.000126889,0.000106328,-0.631635446,1,Kids_Playground
Pembroke Pines_Chapel Trail Park,3.62E-05,7.08E-05,4.68E-05,1.39E-05,5.76E-05,0,6.05E-05,8.13E-05,3.36E-05,0.000116526,2.08E-05,2.20E-05,0.000236628,2.50E-05,0.000149303,6.48E-07,5.81E-05,0,0.005102041,-0.005102041,0.000476281,-0.000476281,0.000111236,-0.706948059,1,Athletic_facility
Pembroke Pines_Cinnamon Place,0.000442588,0.000332444,0.000371788,2.70E-06,5.00E-06,0,0.000533809,0.000298237,6.39E-05,1.02E-05,9.29E-07,0.000228273,4.43E-05,0,0,4.27E-06,0.000322705,0,0.011043635,-0.011043635,0.004303869,-0.004303869,0.000474248,-0.208359152,1,mean_ndvi
Pembroke Pines_Craig Rupp K-9 Dog Park,0.000887965,0.000694355,0.000343172,0.000135955,0.00049242,0,0.001877856,0.000753573,0.000130426,0.00013283,2.13E-06,9.62E-05,0.00013018,0,0,7.66E-06,0.001350962,0,0.002849003,-0.002849003,0.000871795,-0.000871795,0.000770455,-0.963115286,1,mean_ndvi
Pembroke Pines_Flamingo Park,8.62E-07,6.26E-07,5.17E-07,5.54E-07,6.26E-07,0,6.87E-07,3.17E-08,2.33E-09,0,1.44E-07,2.12E-08,0,0,0,3.46E-07,3.81E-08,0,5.85E-05,-5.85E-05,1.46E-06,-1.46E-06,1.54E-07,-0.08425634,1,area
Pembroke Pines_Fletcher Park,1.28E-05,6.90E-06,3.94E-06,0,0,0,5.23E-05,2.71E-05,0,0,0,1.81E-06,0,0,0,0,4.11E-06,0,0,0,0,0,0.000394939,-0.001171113,1,mean_ndvi
Pembroke Pines_Jack McCluskey Rainbow Park,0,0,0,0,0,0,0,0,0,0,0,0,0,0,0,0,0,0,0,0,0,0,9.14E-06,-0.143476301,1,area
Pembroke Pines_Memorial Park,0.000692462,0.000832599,0.000600274,2.81E-06,0.000526071,0,0.00062985,0.000822684,0.00067682,9.42E-05,2.13E-08,4.23E-05,0.000243412,0,1.81E-05,0.00013407,0.001487036,0,0.044230769,-0.044230769,0.008386443,-0.008386443,0.000756706,-0.922774749,1,Biodiversity
Pembroke Pines_Pasadena Park,8.94E-06,8.44E-06,1.06E-05,9.57E-06,1.48E-05,0,9.48E-07,3.18E-06,0,0,1.04E-05,5.36E-07,0,0,0,6.49E-06,4.75E-06,0,0,0,0,0,0.000397198,-0.012058717,2,herbaceous_wetland
Pembroke Pines_Paul J. Maxwell Park,0,0,0,0,0,0,0,0,0,0,0,0,0,0,0,0,0,0,0,0,0,0,0,NA,2,
Pembroke Pines_Pembroke Lakes Golf and Tennis Center,0.000475271,0.000259064,0.000153394,5.65E-05,0.000557497,0,0.000612637,0.000203417,3.96E-05,9.87E-05,1.14E-06,9.34E-08,4.43E-05,0,0,1.71E-06,0.000896405,0,0.020101247,-0.020101247,0.002457308,-0.002457308,0.000602426,-0.538924536,1,Biodiversity
Pembroke Pines_Pines Recreation Center,0,0,0,0,0,0,0,0,0,0,0,0,0,0,0,0,0,0,0,0,0,0,0,NA,1,
Pembroke Pines_Rose G. Price Park,5.68E-05,4.26E-05,2.63E-05,3.51E-05,3.12E-05,0,5.40E-05,5.24E-05,3.65E-05,0.000184736,2.20E-05,1.40E-05,0.000173901,1.40E-05,0.000113152,1.51E-06,9.57E-05,0,0,0,0.000320886,-0.000320886,0.000103789,-0.592664518,1,Kids_Playground
Pembroke Pines_Silver Lakes Park South,1.05E-05,1.45E-05,2.84E-06,9.63E-06,1.43E-05,0,6.66E-06,7.48E-07,1.83E-07,7.51E-07,6.48E-06,2.89E-06,5.78E-06,8.62E-06,3.57E-06,7.67E-09,9.62E-06,0,0,0,0,0,6.16E-05,-0.006772669,1,tree
Pembroke Pines_Spring Valley Park,3.04E-06,2.08E-06,2.01E-06,2.64E-06,2.96E-06,0,3.51E-08,1.57E-07,1.97E-07,8.21E-08,0,2.23E-09,0,0,0,1.38E-08,1.27E-07,0,0.000429185,-0.000429185,2.47E-05,-2.47E-05,1.30E-06,0.008236885,1,area
Pembroke Pines_Steven L. Josias Dog and Equestrian Park,0.000165169,0.000223977,0.000214553,1.05E-05,9.51E-05,0,0.000204212,9.13E-05,1.40E-05,0.000104605,1.15E-05,0.000106821,8.57E-05,8.53E-06,5.84E-05,0,0.000158259,0.028571429,0,0.028571429,0.023680626,0.004890803,0.000153292,-1.319122185,1,tree
Pembroke Pines_Tanglewood Park,0.00169904,0.001698506,0.001060874,4.59E-05,7.54E-05,0,0.002060218,0.00261736,0.000515182,0.000340113,2.54E-05,0.000202903,0.000439924,0,4.26E-05,0.000177547,0.002609806,0.076923077,0,0.076923077,0.064708791,0.012214286,0.000914281,-1.317703155,1,mean_ndwi
Pembroke Pines_Towngate Park,3.94E-07,3.93E-07,4.65E-07,4.19E-07,5.47E-07,0,2.05E-07,1.17E-08,3.36E-08,0,2.52E-07,0,0,0,0,2.01E-08,2.50E-07,0,0,0,1.21E-05,-1.21E-05,1.14E-06,0.132457061,1,herbaceous_wetland
Pembroke Pines_Walnut Creek Park,0,0,0,0,0,0,0,0,0,0,0,0,0,0,0,0,0,0,0,0,0,0,9.14E-06,-0.143476301,1,area
Pembroke Pines_West Pines Soccer Park and Preserve,3.10E-05,2.92E-05,2.94E-05,1.68E-05,1.73E-05,0,4.40E-05,3.59E-05,1.87E-05,7.41E-05,2.80E-05,6.05E-06,0.000132368,2.45E-05,0.000111317,0,2.69E-05,0,0.002829788,-0.002829788,0.000540272,-0.000540272,6.70E-05,-0.09418615,1,Athletic_facility
Pembroke Pines_William B. Armstrong Dream Park,0,1.72E-07,9.59E-08,4.33E-07,8.67E-08,0,9.97E-09,2.46E-08,0,0,0,1.62E-08,0,0,0,0,0,0,0,0,0,0,1.34E-06,-0.019272073,1,water
Plantation_Country Club Park,0,0,0,0,0,0,0,0,0,0,0,0,0,0,0,0,0,0,0,0,0,0,0,NA,1,
Plantation_Deicke Park,8.73E-05,0.00026548,5.91E-05,1.41E-05,0.000409268,0,5.70E-05,0.000141704,4.51E-05,1.54E-06,6.25E-06,1.61E-05,3.42E-07,0,0,5.50E-05,0.00013561,0.028571429,0,0.028571429,0.022683598,0.005887831,0.000134525,-1.455593082,1,herbaceous_wetland
Plantation_Fig Tree Park,0.003646259,0.001533042,0.005829314,0.003795918,0.006681973,0,0.000690476,0.000425899,0.000137645,1.53E-05,7.65E-05,0.000511176,0,0,0,0.000401361,0.005962585,0,0.017857143,-0.017857143,0.001178571,-0.001178571,0.001411905,-0.03774997,1,herbaceous_wetland
Plantation_Hoffman Park,0.003986395,0.002113946,0.003911565,0.003323129,0.002705539,0,0.000408163,0.000761905,0.000486395,0,0,8.02E-05,0.000147959,0,0,0.000204082,0.003986395,0,0.047619048,-0.047619048,0.003261905,-0.003261905,0.001595591,-0.172759262,1,area
Plantation_Jacaranda Lakes Park,7.41E-05,0.000158175,0.00013965,2.96E-06,0.000406765,0,5.98E-05,8.16E-05,3.74E-05,6.80E-07,6.87E-06,2.41E-06,5.08E-07,0,0,3.17E-05,7.10E-05,0,0,0,0.000369841,-0.000369841,0.000107119,-0.948755799,1,herbaceous_wetland
Plantation_Jack Carter Harmony Park,0.000571429,0.000113946,0.000938776,0.001006803,0.000462585,0,0.000195578,6.29E-05,0,0,8.50E-05,0,0,0,0,0,0.000285714,0,0,0,0,0,0.001363966,-0.002514841,1,water
Plantation_Jim Ward Park,0,0,0,0,0,0,0,0,0,0,0,0,0,0,0,0,0,0,0,0,0,0,0,NA,1,
Plantation_Marcano Estates Park,0.001360544,0.000860544,0.002047928,0.000336735,0.001461613,0,0.000127551,0.000233722,0,7.77E-06,0,7.77E-06,2.01E-05,0,0,0,0.002411565,0,0,0,0,0,0.001379544,-0.013964834,1,Biodiversity
Plantation_Mirror Lake Park,0.000571429,0.000557823,0.001006803,0.00042517,0.000380952,0,1.36E-05,5.73E-05,0,0,0,9.52E-05,0,0,0,4.47E-05,0.000639456,0,0,0,4.76E-05,-4.76E-05,0.001376058,-0.011402335,1,grassland
Plantation_PAL Park-Roy Salmon Stadium,0.001253644,0.002823129,0.001251701,0.002033528,0.001741497,0,0.000201409,4.91E-05,0.000142371,0,0,6.85E-05,7.77E-06,0,0,4.52E-05,0.001724004,0,0,0,0.000178571,-0.000178571,0.001376654,-0.011840709,1,tree
Plantation_Park East Park,0,0,0,0,0,0,0,0,0,0,0,0,0,0,0,0,0,0,0,0,0,0,0,NA,1,
Plantation_Pine Island Park,0.007481374,0.001010811,0.007220117,0.002107143,0.004928571,0,0.000809686,0.000564261,0.000507937,0.000250567,3.06E-05,0,0.001221939,0,0,0.000112366,0.008569242,0,0,0,0.000428571,-0.000428571,0.001481949,-0.089232471,1,Biodiversity
Plantation_Plantation Central Park,0.001860148,0.000256879,0.001662782,0.000133947,0.001124691,0,0.000164951,0.000213527,5.01E-05,3.50E-07,6.80E-07,7.77E-07,0.000332727,0,0,2.35E-05,0.001561254,0,0.015714286,-0.015714286,0.002721164,-0.002721164,0.001449469,-0.058717133,1,area
Plantation_Plantation Preserve Park & Linear Trail,0.009668003,0.003644679,0.005578231,0.008289116,0.006464131,0,0.001697643,0.00078948,0.001246113,0.000541578,0.000229592,0.000274538,0.000413751,0,0,0.000318756,0.008589286,0.142857143,0,0.142857143,0.136619048,0.006238095,0.001489753,-0.094968271,1,area
Plantation_Plantation Woods-Kennedy Park,0.00122449,0.001258503,0.001877551,0.002489796,0.001823129,0,0,0.00010034,0,0,0,3.74E-05,6.29E-05,0,0,1.36E-05,0.001918367,0,0,0,0.000535714,-0.000535714,0.001396321,-0.026296111,1,water
Plantation_Pop Travers Park,0.00244898,0.000982143,0.002343537,0.003319728,0.001646259,0,0.000332483,0.000335034,0.000163265,0,4.54E-06,0,6.80E-05,0,0,0.000423469,0.003005669,0,0,0,0,0,0.001398222,-0.02769302,1,water
Plantation_Rae Carole Armstrong Liberty Tree Park,0.003610787,0.002924441,0.003959184,0.003172376,0.003958212,0,0.00055102,0.000224652,0,0.000174927,0,9.72E-05,0.000488055,0,0,7.41E-05,0.005467444,0,0,0,0.001071429,-0.001071429,0.001470247,-0.080631703,1,Biodiversity
Plantation_Seminole Park,0.003129252,0.001193392,0.005377551,0.002690841,0.002231293,0,0.000163751,0.00080102,1.02E-05,0,0,0.000359694,0.000180758,0,0,3.74E-05,0.004204082,0,0.015873016,-0.015873016,0.003202381,-0.003202381,0.001406078,-0.033467316,1,grassland
Plantation_Sunset Park,0.000110213,0.000182956,6.64E-05,6.06E-06,0.000345799,0,0.000136026,9.95E-05,5.95E-05,0,1.66E-05,1.71E-05,1.38E-05,0,0,8.38E-05,0.00012448,0,0.001414142,-0.001414142,0.000166204,-0.000166204,0.000124776,-1.269982022,1,herbaceous_wetland
Plantation_Tara Park,4.94E-05,2.42E-05,1.89E-05,2.35E-06,3.68E-05,0,0.00013196,2.35E-05,2.39E-06,0,5.50E-07,1.45E-07,1.05E-05,0,0,0.00015087,1.74E-05,0,0,0,8.65E-05,-8.65E-05,7.20E-05,-0.310721395,1,Indoor_Outdoor_fitness_center
Plantation_Volunteer Park,0.000114411,6.39E-05,5.86E-05,1.60E-05,0.000285996,0,0.000146232,0.000135507,1.61E-05,2.46E-06,5.46E-06,3.65E-06,1.20E-06,0,8.26E-07,8.96E-05,0.000138595,0.005555556,0.001923517,0.003632039,0.0048872,0.000668356,0.00011255,-1.069717403,1,herbaceous_wetland
Pompano Beach_Annie Adderly Gillis Park,0.000232486,0.000458912,0.000172035,1.30E-06,2.43E-05,0,0.000265688,0.000374742,9.47E-05,4.04E-06,0,0.000329638,2.13E-05,1.49E-05,0,0.000203523,0.001155952,0,0.005077031,-0.005077031,0.001871849,-0.001871849,0.000364204,-0.265153046,1,Biodiversity
Pompano Beach_Bill Keith Park,7.10E-05,0.000245473,1.78E-05,5.02E-06,3.18E-06,0,0.000136948,0.000139066,8.14E-05,1.41E-05,0,0.000220415,1.64E-05,0,1.88E-06,0.000180254,0.000808341,0,0,0,0,0,0.000286156,0.005967057,1,Biodiversity
Pompano Beach_Canine Corner Dog Park,3.35E-06,1.33E-05,3.48E-06,2.05E-05,1.90E-05,0,1.35E-05,2.48E-05,5.77E-07,1.73E-06,0,6.06E-06,5.30E-08,0,5.88E-09,0,1.07E-05,0,0.000466853,-0.000466853,5.95E-05,-5.95E-05,7.63E-05,0.060314285,1,mean_ndwi
Pompano Beach_Exchange Club Park,0.000189534,0.000208122,6.06E-05,2.21E-05,2.23E-05,0,2.41E-05,2.16E-05,5.54E-06,1.22E-06,0,5.75E-05,2.23E-07,0.000171375,0,2.17E-07,3.28E-05,0,0.007124589,-0.007124589,0.001325935,-0.001325935,0.000147743,0.220290409,1,tree
Pompano Beach_Founders Park,7.44E-05,9.84E-05,3.63E-05,2.26E-06,3.86E-06,0,0.000116302,0.00017098,3.25E-05,3.77E-05,0,0.000119748,3.38E-05,0,0,0.000186393,0.000610913,0,0,0,0.000308824,-0.000308824,0.000281216,0.023125313,1,Biodiversity
Pompano Beach_Harbor's Edge Park,9.40E-06,4.30E-06,2.50E-06,1.66E-05,2.76E-05,0,1.65E-05,1.82E-05,3.21E-06,2.94E-06,0,9.91E-06,7.63E-07,1.92E-05,6.73E-09,0,1.20E-05,0.008403361,0,0.008403361,0.007031585,0.001371776,0.000190519,-0.005460665,1,herbaceous_wetland
Pompano Beach_Highlands Park,0.000494239,0.000226656,0.000358832,0,1.75E-05,0,2.21E-05,1.04E-05,8.78E-07,9.71E-05,0,1.98E-06,8.82E-06,0.000102304,1.42E-06,1.55E-06,0.000333992,0,0,0,0,0,0.000170167,-0.350272838,1,area
Pompano Beach_Hillsboro Inlet Park,5.38E-05,5.51E-05,3.38E-05,1.97E-05,2.66E-05,0,1.82E-05,2.39E-05,0,1.85E-06,0,1.06E-05,3.87E-07,4.17E-05,1.51E-08,5.88E-09,2.98E-06,0,0,0,0,0,0.000188673,0.004280269,1,tree
Pompano Beach_Hunters Manor Park,0.0006148,0.00118952,0.000828577,0,0.000490646,0,0.002577708,0.002570408,0.000775204,0.000126546,0.001166478,0.000550932,6.49E-05,4.15E-07,0,0.000227935,0.001409047,0.058823529,0,0.058823529,0.053904952,0.004918577,0.001387754,-0.428238666,1,mean_ndvi
Pompano Beach_Indian Mound Park,1.19E-05,5.14E-06,2.84E-06,8.12E-06,1.14E-05,0,1.01E-05,1.10E-05,2.95E-06,3.49E-07,2.53E-06,8.44E-07,1.75E-07,0,2.25E-09,0,6.75E-06,0,0,0,1.01E-05,-1.01E-05,8.40E-06,-0.402498165,1,area
Pompano Beach_McNab Park,3.97E-06,9.05E-06,1.54E-06,1.02E-05,1.11E-05,0,1.29E-05,1.08E-05,1.37E-06,4.39E-07,0,1.32E-06,3.03E-07,0,0,6.73E-09,1.18E-05,0,0.000420168,-0.000420168,0.000128852,-0.000128852,6.23E-06,-0.323728066,1,mean_ndvi
Pompano Beach_McNair Park & Recreation Center,0.002268699,0.001538287,0.003779936,0.00013085,0.002078333,0,0.004405536,0.002464536,0.001399541,1.59E-05,0.000281968,1.05E-05,3.01E-05,1.92E-05,0.000211437,0.000976822,0.001066507,0,0.014705882,-0.014705882,0.001020295,-0.001020295,0.001822877,-0.876056349,1,mean_ndvi
Pompano Beach_Mitchell Moore Park-Westside Park,0.000213107,0.000500318,0.000260033,3.21E-07,0.000151017,0,0.000425796,0.001009814,0.00014357,2.28E-05,0,0.000708813,4.71E-05,2.44E-05,0,0.00025347,0.001083763,0,0.015169516,-0.015169516,0.003945064,-0.003945064,0.000829215,0.162144755,1,Biodiversity
Pompano Beach_North Ocean Park,3.34E-06,5.82E-06,1.51E-06,2.97E-05,1.83E-05,0,2.09E-05,1.78E-05,0,7.02E-07,0,1.40E-05,0,0,0,0,8.69E-06,0,0.000258565,-0.000258565,1.68E-05,-1.68E-05,0.000193819,-0.02287606,1,water
Pompano Beach_North Pompano Park,0.000569649,0.000458611,0.000689055,0,1.51E-05,0,6.78E-05,7.42E-05,1.80E-07,0.000242751,0,6.99E-05,2.94E-05,0.000121407,0,0,0.000523983,0,0.008454106,-0.008454106,0.000380435,-0.000380435,0.00019128,-0.001381913,1,grassland
Pompano Beach_Sand and Spurs Equestrian Park,0.000187969,0.00018884,1.83E-06,4.81E-06,6.35E-06,0,0.000102697,7.69E-05,8.73E-07,3.85E-07,0,0.000166018,2.47E-06,0.00026121,4.83E-08,1.24E-05,0.000162065,0,0,0,2.94E-05,-2.94E-05,0.000294522,0.207809777,1,Nature_Preserve
Pompano Beach_Sgt. Chris Reyka Memorial Park,4.45E-06,9.29E-06,6.00E-07,1.61E-05,2.01E-05,0,1.72E-05,2.39E-05,1.12E-06,1.98E-06,0,2.15E-06,2.35E-08,0,3.36E-08,0,1.31E-05,0,0,0,0,0,6.02E-06,-0.279462575,1,mean_ndwi
Southwest Ranches_Rolling Oaks Park,9.27E-05,0.000138121,6.24E-05,2.45E-08,5.75E-05,0,3.87E-05,0.00010797,6.61E-06,1.75E-05,1.24E-06,0.000109852,2.92E-05,0,1.26E-05,0,6.57E-05,0,0.010857143,-0.010857143,0.000966338,-0.000966338,0.000103296,-0.687999893,1,tree
Southwest Ranches_Sunshine Ranches Equestrian Park,5.11E-07,6.51E-07,5.03E-07,4.56E-07,4.54E-07,0,1.76E-07,1.55E-07,0,1.65E-07,3.73E-08,0,6.61E-08,2.55E-07,0,7.83E-08,5.93E-07,0,0,0,4.11E-06,-4.11E-06,1.23E-06,0.114746129,1,tree
Sunrise_City Park,3.65E-06,5.04E-06,1.80E-05,0,1.76E-06,0,1.53E-05,2.25E-05,1.81E-06,1.01E-05,1.82E-07,0,0,0,0,9.08E-07,1.48E-06,0,0.000694444,-0.000694444,6.25E-05,-6.25E-05,4.29E-05,-0.030084171,1,mean_ndwi
Sunrise_Cypress Preserve Park,5.14E-05,1.16E-05,3.97E-05,0,9.45E-06,0,1.13E-05,3.15E-05,1.12E-05,8.11E-06,4.98E-07,0,5.55E-08,0,4.77E-07,7.03E-07,8.98E-06,0,0.001666667,-0.001666667,9.28E-05,-9.28E-05,5.14E-05,-0.227686978,1,area
Sunrise_Flamingo Park,4.00E-05,2.01E-05,2.51E-05,5.96E-06,0.000198187,0,0.000119471,3.83E-05,6.39E-06,3.07E-07,3.74E-06,1.02E-06,1.30E-07,0,2.59E-07,4.67E-05,5.33E-05,0,0.000694445,-0.000694445,4.44E-05,-4.44E-05,7.54E-05,-0.377741545,1,herbaceous_wetland
Sunrise_Flamingo Road Linear Park,4.54E-05,1.82E-05,2.50E-05,1.01E-05,0.000127599,0,2.50E-05,8.65E-05,1.15E-06,5.68E-06,1.28E-05,2.18E-06,8.60E-07,0,1.75E-06,6.91E-06,0.000124148,0,0.007142857,-0.007142857,0.000284612,-0.000284612,7.66E-05,-0.40777717,1,herbaceous_wetland
Sunrise_Lakeside Park,4.94E-05,2.24E-05,0.000108333,0,2.92E-05,0,4.58E-05,8.40E-05,2.08E-06,2.03E-05,2.33E-05,1.79E-07,4.69E-06,0,0,2.53E-06,2.68E-05,0,0.005,-0.005,0.0009375,-0.0009375,5.94E-05,-0.426561819,1,grassland
Sunrise_Nob Hill Soccer Club Park,5.84E-05,0.000133878,0.000169408,1.97E-06,0.000424998,0,0.000117864,6.19E-05,1.51E-05,1.38E-05,3.29E-06,2.34E-05,4.16E-07,0,6.88E-07,9.37E-05,9.71E-05,0,0.006737214,-0.006737214,0.000349987,-0.000349987,0.000106395,-0.942119224,1,herbaceous_wetland
Sunrise_Oak Hammock-Passive Park,6.16E-05,4.46E-06,2.74E-05,0,1.50E-05,0,1.44E-06,1.01E-05,1.07E-05,1.72E-05,3.88E-06,0,2.46E-07,0,1.46E-06,8.90E-08,5.68E-06,0,0.001205545,-0.001205545,0.000923399,-0.000923399,4.85E-05,-0.160038036,1,area
Sunrise_Oscar Wind Park,2.79E-06,3.43E-06,2.91E-06,2.39E-06,3.28E-06,0,1.30E-07,2.97E-07,1.67E-07,5.92E-09,1.41E-07,0,1.46E-08,0,1.88E-07,5.92E-09,3.69E-06,0,4.24E-05,-4.24E-05,6.57E-06,-6.57E-06,1.11E-06,-0.066775907,1,Biodiversity
Sunrise_Sawgrass Sanctuary Park,2.33E-06,4.09E-06,3.42E-06,3.31E-06,2.71E-06,0,2.05E-07,4.56E-07,0,0,1.08E-07,0,2.54E-07,0,4.29E-07,1.73E-07,3.54E-06,0,0,0,0,0,1.11E-06,-0.067908357,1,tree
Sunrise_Shotgun Road Linear Park,1.89E-06,2.59E-06,2.02E-06,1.18E-06,1.28E-06,0,3.10E-07,1.14E-07,0,4.53E-09,3.39E-08,0,1.37E-08,0,5.15E-07,5.18E-08,2.20E-06,0,0,0,2.96E-05,-2.96E-05,1.16E-06,-0.001200845,1,tree
Sunrise_Sunrise Athletic Complex,1.49E-06,5.63E-06,2.26E-06,4.83E-07,2.77E-06,0,2.52E-06,1.55E-06,1.89E-07,4.15E-08,5.01E-06,1.06E-07,7.73E-07,0,8.80E-06,1.91E-06,5.07E-06,0,0,0,4.96E-05,-4.96E-05,5.91E-05,-0.053403311,1,Dog_Park
Sunrise_Sunrise Sportsplex,7.49E-05,4.49E-06,2.26E-05,0,8.71E-06,0,5.03E-06,2.01E-05,1.31E-05,8.35E-05,5.56E-07,1.18E-06,2.02E-08,0,8.94E-07,1.15E-06,4.27E-06,0,0.002777778,-0.002777778,0.000611199,-0.000611199,5.13E-05,-0.224884744,1,Kids_Playground
Sunrise_Sunrise Tennis Club,3.55E-06,1.47E-06,1.57E-06,0,1.54E-06,0,6.37E-07,1.07E-06,0,5.61E-08,2.64E-07,3.62E-08,9.52E-07,0,5.46E-06,1.70E-08,4.67E-06,0,0.000843882,-0.000843882,2.67E-05,-2.67E-05,4.30E-05,-0.027562942,1,Dog_Park
Sunrise_Welleby Park,4.49E-07,2.73E-06,2.02E-06,0,2.90E-06,0,1.15E-06,1.17E-06,1.19E-08,4.40E-07,3.17E-06,4.75E-08,4.70E-07,0,1.15E-05,8.25E-07,8.93E-06,0.004219409,0,0.004219409,0.003540365,0.000679044,5.38E-05,0.01705108,1,Dog_Park
Tamarac_Caporella Aquatic Center,2.60E-06,2.26E-07,8.82E-07,0,2.20E-07,0,3.47E-08,2.03E-06,0,0,0,0,8.70E-08,0,8.31E-08,0,3.99E-07,0,0,0,0,0,5.43E-06,-0.071497933,1,area
Tamarac_Caporella Park,1.29E-05,1.07E-05,1.08E-06,7.89E-06,1.07E-05,0,1.26E-05,1.07E-05,7.88E-09,0,3.65E-07,1.33E-08,7.64E-07,0,0,0,1.09E-05,0,0,0,1.81E-05,-1.81E-05,5.80E-06,-0.338503199,1,area
Tamarac_Mainlands Park,8.07E-06,3.40E-06,1.11E-05,4.60E-07,2.30E-07,0,5.34E-05,3.89E-05,1.17E-05,8.00E-06,1.53E-06,5.01E-07,1.70E-06,0,0,4.51E-08,3.36E-06,0,0,0,0.000131689,-0.000131689,4.85E-05,-0.121738006,1,mean_ndvi
Tamarac_Sunset Point Park,8.21E-05,2.45E-05,9.21E-05,0,0.000102272,0,2.54E-05,8.60E-05,1.06E-06,3.92E-07,1.48E-05,1.32E-06,1.15E-05,6.10E-07,1.85E-06,8.18E-06,2.04E-05,0,0.004304802,-0.004304802,0.000512784,-0.000512784,2.13E-05,0.24945764,1,herbaceous_wetland
Tamarac_Swim Central Annex Park,1.44E-06,3.33E-07,2.89E-06,0,1.18E-07,0,8.90E-09,2.09E-06,0,0,1.40E-08,4.77E-08,3.10E-07,0,8.27E-08,6.30E-08,2.73E-07,0,0,0,4.96E-05,-4.96E-05,5.37E-06,-0.059368194,1,grassland
Tamarac_Tamarac Recreation Center,1.63E-05,7.38E-06,2.13E-06,7.57E-06,1.65E-05,0,4.10E-07,1.17E-06,0,0,5.58E-07,4.42E-07,6.35E-07,0,0,5.75E-08,1.50E-06,0,0,0,7.94E-06,-7.94E-06,5.61E-06,0.192324604,1,herbaceous_wetland
Tamarac_Tamarac Sports Complex,0.000124884,6.84E-05,0.000142277,0,0.000146959,0,1.95E-05,0.000111178,0,6.70E-06,1.47E-05,5.98E-07,1.22E-05,3.80E-07,0,5.98E-06,5.54E-05,0.007936508,0.006535948,0.00140056,0.009156446,-0.001219938,1.72E-05,0.396531292,1,herbaceous_wetland
Tamarac_Tamarac Veterans Park-Dog Park,3.60E-06,7.93E-07,2.36E-06,0,3.32E-06,0,2.24E-07,4.85E-07,0,1.09E-07,4.47E-07,1.62E-07,1.44E-07,9.36E-08,0,7.68E-07,1.88E-08,0,0,0,6.00E-05,-6.00E-05,6.60E-06,0.140294128,1,area
Tamarac_Tephford Park,9.56E-05,7.14E-05,0.000109146,0,0.000136849,0,3.41E-05,0.000150996,0,2.51E-05,7.69E-06,0,1.82E-05,0,5.98E-07,7.40E-07,0.000182072,0.019607843,0.002076899,0.017530944,0.018084766,0.001523077,4.46E-05,-0.564399703,1,Biodiversity
Tamarac_Waters Edge Park,0.000124414,2.41E-05,4.06E-05,6.34E-06,8.09E-06,0,8.52E-06,4.16E-05,1.44E-05,4.42E-05,2.75E-06,6.94E-07,0,0,0,6.66E-06,2.45E-05,0,0,0,0.000234832,-0.000234832,5.49E-05,-0.268000548,1,area
West Park_Mary Saunders Park,1.39E-05,3.27E-06,1.02E-05,1.33E-05,1.04E-05,0,0,1.37E-06,0,1.17E-06,7.95E-06,0,0,8.42E-06,0,0,1.87E-06,0,0,0,0,0,1.18E-05,-0.008394003,1,area
West Park_McTyre Park,1.90E-05,2.07E-05,2.11E-05,2.49E-05,3.16E-05,0,6.68E-08,8.17E-06,3.40E-07,4.44E-06,3.78E-05,5.12E-08,0,2.95E-05,0,0,1.73E-06,0,0.000220751,-0.000220751,2.65E-05,-2.65E-05,1.19E-05,-0.019551295,1,Body_of_water
West Park_Water Tower Park,3.16E-06,6.43E-06,3.27E-06,4.09E-06,7.37E-06,0,0,2.46E-06,0,5.73E-06,6.20E-06,0,0,7.25E-06,0,0,8.19E-07,0,0,0,0,0,1.20E-05,-0.027480368,2,herbaceous_wetland
Weston_Bonaventure Park,1.19E-06,1.40E-06,2.35E-06,1.92E-06,1.83E-06,0,2.51E-07,1.14E-07,3.52E-08,0,1.35E-07,0,4.53E-09,0,1.42E-08,4.14E-08,1.42E-06,0,8.30E-05,-8.30E-05,2.56E-05,-2.56E-05,1.05E-06,-0.01259333,1,grassland
Weston_Eagle Point Park,1.69E-06,1.95E-06,8.50E-07,1.45E-06,1.06E-06,0,2.51E-07,2.07E-08,0,3.45E-09,8.29E-08,0,0,0,0,5.22E-08,1.19E-06,0,0,0,2.89E-05,-2.89E-05,1.05E-06,-0.010645684,1,tree
Weston_Emerald Estates Park,7.39E-07,2.29E-06,2.16E-06,6.40E-07,6.59E-07,0,1.78E-07,8.55E-06,0,1.17E-06,7.48E-08,8.69E-06,1.56E-07,8.04E-08,8.05E-08,7.31E-08,3.67E-06,0,0.000656814,-0.000656814,4.49E-05,-4.49E-05,5.56E-05,-0.026359565,1,Jog_Walk_path
Weston_Gator Run Park,1.45E-07,7.25E-08,2.90E-07,1.45E-07,1.45E-07,0,3.37E-08,0,0,0,2.07E-08,0,0,0,0,0,7.25E-08,0,0,0,0,0,1.04E-06,-0.00012841,1,grassland
Weston_Heron Park,2.52E-08,9.34E-08,7.55E-08,1.26E-08,6.28E-08,0,0,9.44E-09,0,0,0,0,0,0,0,1.26E-08,0,0,0,0,0,0,1.15E-06,0.005460986,1,tree
Weston_Indian Trace Park,5.70E-07,5.80E-07,0,3.63E-07,2.07E-07,0,0,0,0,0,2.07E-08,0,0,0,0,0,2.90E-07,0,0,0,0,0,1.04E-06,-0.00156756,1,tree
Weston_Library Park,9.58E-05,0.000134952,4.65E-05,3.11E-07,8.92E-05,0,0.000218722,0.000106981,8.75E-06,5.48E-05,0,3.83E-05,5.42E-05,0,5.61E-06,8.75E-07,8.28E-05,0,0.006547619,-0.006547619,0.00132619,-0.00132619,9.15E-05,-0.5293746,1,mean_ndvi
Weston_Peace Mound Park,5.95E-07,9.97E-07,7.15E-07,5.49E-07,7.98E-07,0,0,0,0,0,3.11E-08,0,5.92E-09,0,2.27E-08,2.07E-08,1.66E-06,0,0.000295664,-0.000295664,2.37E-05,-2.37E-05,1.18E-06,-0.025366468,1,Biodiversity
Weston_Regional Park,1.08E-06,2.46E-06,3.04E-06,7.74E-06,1.08E-06,0,1.26E-06,9.04E-06,0,2.18E-06,1.64E-06,5.44E-07,5.12E-06,0,2.31E-07,0,5.60E-06,0,0.000830048,-0.000830048,0.000274542,-0.000274542,6.20E-05,-0.028044233,1,mean_ndwi
Weston_Tequestra Trace Park,0,0,0,0,0,0,0,0,0,0,0,0,0,0,0,0,0,0,0,0,0,0,1.04E-06,0,1,area
Weston_Vista Park,0.000143384,0.000113917,7.71E-05,5.02E-06,0.000114379,0,0.000263268,0.000213198,1.58E-06,2.92E-05,6.12E-06,4.22E-05,7.89E-05,3.43E-07,3.28E-05,2.42E-07,9.59E-05,0,0.019047619,-0.019047619,0.001217973,-0.001217973,0.000147462,-1.230926771,1,mean_ndvi
Weston_Windmill Ranch Park,0,2.12E-06,1.85E-06,0,0,0,2.59E-06,1.77E-06,0,1.50E-06,0,0,0,0,0,0,1.29E-06,0,0,0,0,0,5.46E-05,-0.008818554,1,mean_ndvi
Wilton Manors_Colohatchee Park,0.000321203,0.000825516,0.001087013,0,0.000117672,0,0.001633605,0.00188319,1.06E-07,4.59E-05,5.29E-07,7.06E-06,0.000440905,0,4.29E-05,0.000137994,0.000764176,0,0.013671171,-0.013671171,0.000899456,-0.000899456,0.001145554,-0.168262816,1,mean_ndwi
Wilton Manors_Donn Eisele Park,3.77E-05,0.000136317,5.28E-05,3.98E-06,1.15E-05,0,0.000500816,0.000462286,0,5.95E-05,3.67E-06,1.50E-05,8.34E-05,0,0,7.27E-05,0.000223591,0,0.003333333,-0.003333333,0.000394444,-0.000394444,0.000321533,-0.088054317,1,mean_ndvi
Wilton Manors_Hagen Park,0.000715883,0.000370245,0.002011544,0,0.00040983,0,0.001729248,0.001728689,0,4.34E-05,4.83E-05,7.25E-05,0.001192806,0,1.93E-06,8.37E-05,0.000884748,0.066666667,0.017037037,0.04962963,0.056016667,0.01065,0.001050637,-0.174067517,1,grassland
Wilton Manors_Island City Park Preserve,0.000503993,0.00103829,0.000558062,0,0.000243146,0,0.00127229,0.001274002,8.79E-05,0.000167443,0,5.04E-05,9.75E-05,0,0,9.48E-05,0.000299937,0,0.009861111,-0.009861111,0.0018375,-0.0018375,0.000481461,-0.128620489,1,mean_ndwi
Wilton Manors_M.E. DePalma Park,0.000500103,0.00048879,0.001675299,0,0.000137742,0,0.001212604,0.001536152,0,0.000124377,1.59E-05,0.000122977,0.001133057,0,4.36E-05,0.000222095,0.000703929,0,0.0085,-0.0085,0.001883333,-0.001883333,0.001149753,-0.172544476,1,grassland
Wilton Manors_Mickel Park,6.21E-05,4.16E-05,4.19E-05,5.70E-06,3.39E-05,0,0.000621582,0.000498536,0,4.73E-05,2.80E-05,3.33E-05,4.98E-05,0,0,1.46E-05,0.000260404,0,0.02962963,-0.02962963,0.001258065,-0.001258065,0.000379803,-0.285236839,1,mean_ndvi
Wilton Manors_Richardson Historic Park and Nature Preserve,0.000779315,0.000453002,0.0019507,0,0.000300111,0,0.002087219,0.001622089,0,0.000100139,0.000121116,0.000172029,0.002075313,0,1.96E-05,0.000126472,0.001254703,0,0.025789474,-0.025789474,0.003287556,-0.003287556,0.001231906,-0.376631875,1,mean_ndvi
